,normal,exponential,Weibull,log_normal,extreme_minimum,extreme_maximum
0,32950.92884704344,20465.29322816694,8196.886022206205,42158.180588852054,15642.835718469,27699.083978220566
1,14749.27765527585,22563.95864321149,16560.4918563939,90538.11918298653,8490.032431772226,7429.6107895720925
2,36318.44089986339,21611.510399039464,9932.308301579144,9301.739074335943,32985.104745323435,28405.087485821547
3,12149.415307823503,34468.33420741847,11832.113717498882,34394.59424798001,6960.033771640637,31695.146102308387
4,7388.38887422898,58992.1940128258,25488.724033355174,19798.984166537935,11138.201146808411,46482.032587295136
5,11661.364699299644,23816.278737679946,20208.272757965922,3928.9925399640133,8111.663869332081,28941.13716967956
6,31245.307295467213,10080.404974180728,19272.066459937545,8179.774211443318,7861.482773830035,37294.121176443565
7,37203.5697334538,41260.43310780254,21451.42428718083,38771.37207643374,31018.851312784125,30452.515082361497
8,16673.496191340382,14657.732665631285,30348.545876415094,152504.91754079555,25434.887832350672,41368.38890953403
9,26352.0871052814,1686.7362478047419,30909.978219389162,43029.4754588525,34936.65851782507,28987.738203349254
10,11597.940034616737,61237.00396147099,8917.4181855341,7395.927778960754,1322.1245939740074,25004.73176528334
11,6586.495222795573,13462.19321111247,35003.112286772455,8528.818142548398,27600.983583569065,37913.76038035154
12,11091.591406865871,9307.738750455957,6535.222167437459,48730.89254452319,41495.38030595635,30505.820277842446
13,7016.804149099682,22482.47914085973,19512.348235437592,6695.839478029539,11862.34295627488,66355.38504699302
14,31722.453639018993,11060.12564579772,48050.68271179806,20317.01188009538,11651.53725466591,44906.29297380182
15,34587.559161098485,21366.00063006826,23291.50870966947,22544.0014496099,2601.095808939406,33060.478003864286
16,19578.5107426743,1010.9532450736559,6570.539684915345,23654.280066578372,51082.8877233553,30670.64754731435
17,12994.085112533512,48952.913176330934,7881.918160167676,4046.3596013859315,16136.968985972455,20438.13797287864
18,32031.481853900776,62165.64882511083,5367.545197359918,14944.002208664702,65817.43194429559,39717.93621281271
19,27338.152188093416,8367.314865193684,30543.319155072124,9911.132684333163,11358.088245080222,39322.95982069841
20,12709.016726420385,30224.786219155132,27106.04362405487,12686.331463291519,9244.609731052798,18215.48552193232
21,21702.270823702038,11335.36698470641,36997.675214678085,14559.274094026436,11976.458566760193,39432.034126509396
22,24587.60113780007,18440.099825773872,9025.9751296053,7451.012831052403,11369.020506851082,34796.84306154497
23,11425.387611536718,12062.859600340116,29111.49091144168,4960.517104044083,19341.399400616563,80001.65429168254
24,12721.770890444886,1379.2243404204023,11346.109241934972,15688.738921548516,21140.614790114545,13328.303137130059
25,30373.175355929765,3543.649453046936,56927.52375923005,7456.542741958814,23153.12425946509,24533.758337538184
26,16164.622061100534,42539.217089400576,8073.218717902503,9383.917849155248,40235.53486737564,17254.482005900318
27,2894.4903352946603,50181.75786423582,1190.831648200213,26840.617783974438,5089.294116674511,73374.44672593607
28,31381.58087093385,50241.236658937545,29898.959631085512,39425.77982835694,18192.40679641392,15700.721406747482
29,15086.242233992767,2876.7774913977933,16060.07549619995,26348.579416803255,21299.85328075722,16902.44913852505
30,22314.183648933533,59863.85614892208,12553.314839256636,3635.7278657892775,19977.338354138643,67851.10325919894
31,-1444.6721762850357,5068.825988202502,8427.094487535396,22828.644304326543,28549.776277245568,13070.107460435276
32,11395.179565375753,48712.50646396416,14756.599747052762,32991.04594878653,12573.950293480742,13752.482236160202
33,23663.26012476873,559.5266504039824,4157.289130174048,16950.65558150947,10259.530419488763,16816.55789070359
34,9813.920152217932,10367.332372626146,11892.38183788416,7346.873699002505,32675.00388379393,98149.22452035989
35,18301.61602926904,22136.35316949189,27100.582472099773,47066.7270885728,7079.277673104812,21143.944486878725
36,28416.317836010177,12037.396836309219,19173.094392655825,5798.678813163084,20007.172244381672,29253.840944247204
37,5247.961547006204,5965.302156060313,28871.48475909822,28407.363356426766,16668.333963687484,37522.27930222485
38,37683.43718767652,6726.018568347721,4297.769802746387,12533.251296652017,98309.16024233951,64545.08252035173
39,991.0696106208088,24123.7483698415,11322.4967664344,2165.1350841696362,35335.674536027575,36276.54436487175
40,6639.12165034431,3155.007137053824,18190.274297387878,4556.415663254238,24393.156653690192,26355.819463590986
41,38862.32796958057,9551.890831060748,20650.58087726551,32498.61584846254,37364.22473840286,21919.443243127498
42,18921.13394037273,1119.9120573551284,32304.511088866893,24229.944629375572,14379.353612304087,49892.838228635585
43,16880.59510333472,29942.058032421442,57975.716680648424,10414.294303506533,87048.78250755649,45470.45147622412
44,32279.92794824127,6705.621160048156,45911.74921672816,12843.565015335795,44113.19234652052,27090.560965394434
45,22780.59866815538,35407.427035520355,26295.06554234958,21904.381802742006,21606.646926795762,35221.39853978986
46,28380.620612141305,28894.29822027146,15955.953369041923,126633.03454681826,17616.39820065543,37112.08604814553
47,18418.543359184623,1250.9938070852672,26946.120000866,5059.528401104757,24961.152705496017,32220.273768692583
48,7437.561113865815,7722.36263994612,9805.990893017784,20297.403629936,32522.793510772546,48551.33837331529
49,867.1403021822989,31450.87111172364,3684.825052127474,15355.861339873112,8527.627386541837,21598.094655616092
50,19126.598349557356,86105.9409729724,13681.186126309529,8639.582731922072,58350.48306082738,39385.68524728586
51,22445.01378968802,27931.95492396711,17197.953425734362,8224.68131378653,16677.740356069535,21231.254878709216
52,22161.776186576524,22166.379961842817,5694.887214770976,32377.18701192813,18816.852589615963,26124.080570003516
53,26469.37498094065,868.1413621907245,16874.97747764021,10446.088278829797,26683.286839631364,45388.936286764925
54,2427.8099191236106,5256.882164177067,30178.345231158186,15303.296764102888,12985.088409727809,70535.25741693612
55,3699.7927071738377,12425.059908397881,2897.232497849794,1431.3098972420478,13113.973461773247,62832.68570380905
56,11734.519874589821,61246.34914899401,7956.944155223113,61509.80439579684,9686.957063907572,52318.66384938103
57,33776.40183114791,12592.794038171281,4358.548906932879,17567.14300808881,32506.65476756308,37761.644745808844
58,35532.78747337568,17994.988439093995,45953.342636672925,3276.6858283578886,25893.214933299787,26143.77973453226
59,55081.5045256428,18730.291202929286,762.1459908452213,53723.70105600862,24125.718036477338,27580.676528183954
60,19213.94721556808,26377.103466354234,17651.06137764904,17905.667614759208,6805.534762844259,83540.1991836986
61,31606.35015903163,30679.14352205953,29782.858517180302,27458.412546017586,20494.450251024507,48493.597959478735
62,9529.727505977444,3127.803546023502,35096.17866462759,10896.888216991081,25187.428593240966,16940.359401666225
63,4595.16954701587,3961.239722068629,12627.378361031691,17977.121408112598,18187.464578155927,31268.855847791736
64,22222.08709827737,4567.865794380361,12925.377937668743,12174.551808616296,-905.2725729140911,50177.06644787875
65,30245.772286437757,16506.013637954053,20439.50986198627,7006.3345580777195,22814.71777844939,19543.70993313629
66,29789.068228225886,12837.724198900722,28969.384339667544,3974.1979032165214,14100.173628713514,40058.84046600954
67,21525.323513862342,17787.69153956523,35149.66455039343,46742.66350129516,27802.77306513524,43072.47142268901
68,44273.040772757195,18051.057208741295,30828.679980777033,15926.965351996398,32688.881757453826,38326.30239194943
69,58958.25395202951,3873.9709715264075,43485.03995336492,25721.549492141923,42320.85539008705,27188.95552605826
70,35244.677987977266,2019.9961575781351,7861.511336793838,6007.663676256556,3876.544224550893,29030.110364517554
71,19705.067553442444,2537.3042246610767,13128.788431298724,11983.612616104137,19950.272651105563,33558.389444618864
72,20109.99657460323,6331.838591832211,48502.512465802276,21236.50226669866,47487.78803990665,27714.53328909366
73,5480.812329546936,35722.91422775992,36540.70719783449,7897.788061091413,10339.484014858212,29506.08665313936
74,47762.023327879135,6355.101238341855,229.1197261412483,13419.25520511499,22391.155050783258,23762.7838303346
75,28904.777847031666,4341.887292830291,21078.590300758653,7279.791543884921,48396.427534079965,27805.158661845584
76,21038.558923015236,58220.495710752126,11558.578158964929,39796.76967346531,13369.500997105608,19688.24269232376
77,41048.90162987547,199509.2575157698,13491.396351331687,32464.329099109673,1937.8579848377994,46550.348124912896
78,8650.374768891528,14692.769798728881,13520.991022326554,27837.880253168572,26250.02813395728,11630.320620624021
79,24810.48884146196,13618.403144650532,12110.419881692009,14633.935768529069,15049.44572762202,22611.62247073013
80,17764.53291533849,46074.79675694313,53120.18148653239,11512.078688009895,16297.267454547666,29946.11849081691
81,6061.245652151607,3472.015634224161,9763.862136976419,9347.375616302783,36205.38141817483,19873.477593150914
82,26248.22006623559,27127.813191816796,31141.610912443273,57422.67678857911,11607.863357051223,37270.92443976701
83,25134.647904219437,1735.1333176153182,31180.27740618265,23277.538709276054,17868.176104150032,38024.96740280104
84,31334.287221256367,8036.058217790971,14452.571456940474,14139.604419028095,27135.832804487487,22039.840977170657
85,37915.92331824545,67375.65915613156,15610.91811557975,6310.459220131435,27199.27038841395,19926.529542713673
86,23311.177268673768,899.1928101150709,30658.448145285463,31509.005526116413,1647.2202341409375,38907.46274770413
87,31644.651528307506,20767.803173715565,41833.49849296796,34614.4749250218,14796.382454474606,26244.958937237865
88,9783.417913976033,6491.104671316376,69086.38796793149,11118.548371964473,19741.036202386622,21653.813833754306
89,23239.048639736287,21972.495063929997,17498.40195591672,8128.865099257278,8572.803021071875,37399.432227661804
90,50024.246266400485,36568.26848181802,19529.386412973046,53763.01430101645,27821.32327352318,41368.35754299115
91,9576.42462188079,24471.377750683954,19348.915116404278,17432.551552464105,28661.126477418882,31384.564542433094
92,17112.702810605188,51075.70406505966,10728.995358236958,4790.499371391201,15192.339322349471,41125.19896698573
93,30689.908767302804,22386.47317225099,12792.83889972774,24255.74445215566,16394.768294593516,31983.217573540707
94,46527.41892560511,6675.77079479382,10360.965112731066,87763.28851396903,-1062.322854324315,22479.505031817742
95,-25275.950125873158,7771.245046131741,17330.54628706403,30476.051136790178,9348.763382279909,29337.583176974582
96,21194.24517558033,680.5652330046554,17466.480153042794,34294.324300515524,-5519.656604538555,18847.04232480167
97,14876.57367533035,3879.406905154889,22562.312176009724,9887.874353834228,9229.55271367874,24297.596623714744
98,32542.100183149923,33855.45421516059,32328.54003606258,7406.6753692107195,15718.609945693768,20707.625722010278
99,30865.697792547122,8935.405022178316,22681.727665505266,58797.800187862034,29796.837796038868,38940.3413803513
100,11587.019085175032,21726.944525971525,15413.228453403055,5441.048090776485,29082.08877673217,23292.324930803716
101,2899.5829108457474,7431.8124777364155,10146.865062523806,3267.690497531911,25428.351439106787,56190.88099315188
102,21579.9340317534,8838.167086025416,11273.863107398629,32906.27801265478,-4373.871144926932,83364.41046707076
103,-3809.2387975318816,10504.70962844849,6309.679121072398,21129.26533403024,-752.5216320190484,30999.228606219724
104,19655.458094623365,71638.17305320727,35694.720053402896,18557.34234075714,56989.12604151413,137390.83359186802
105,8073.591766219455,33142.42519849686,27802.083115156427,13834.730443188924,3993.036861632003,34728.49491590104
106,47558.7432389532,31132.148091801515,24561.817946004026,35439.38757971839,14294.879936309124,47824.65027408267
107,30733.628832277853,35726.10760649306,45465.38015561232,47441.487162798854,50303.621571791875,35023.93373815263
108,18743.609066640314,83449.07867250811,21702.958942626054,30885.166061868233,11434.105724637462,46776.57207443849
109,14541.543097430946,52958.814868851216,4590.755163239084,11911.98266736689,37352.23753979783,54353.15480047104
110,35533.35891622077,17099.254635576453,5095.96594844941,7665.344116667941,33761.7263154319,20220.920914835642
111,8465.504746263083,9004.882368659624,7739.952918327072,50399.38941862302,14944.068801448371,59294.772070742445
112,8367.505942878206,8650.01875369492,19969.031999030976,10346.083237299868,42707.31434273545,28701.50942550636
113,3809.1187733635124,72318.85518937398,19610.029421048628,25704.875460762207,24773.476797039635,104591.55230582134
114,57301.19857193179,26848.20273508862,27794.896601824697,24855.288724425453,24356.052902596617,52719.07234449631
115,2256.7935940336683,1768.3115999824065,38944.30391091515,22633.0262516674,12188.786623604306,16202.993674430545
116,28463.340464636334,13627.367043172104,11542.605513286238,13379.277997814805,15466.866229145047,35210.1804174126
117,12759.59177901783,14940.475446346156,32334.746361315432,8410.181099851046,36081.592299351694,36830.14501748533
118,-7261.276613393315,6944.799289271634,13569.822422616731,10292.353325486816,22857.115338035335,29005.352601877024
119,-1261.1686397166777,13938.310655509185,23072.44089463411,3541.4563667197845,33534.507709278216,19723.101182265633
120,30372.183144228176,72871.11079533018,19265.387126750633,32022.854261278655,17476.763637122334,34735.55659778109
121,31637.62456004433,17717.011863087744,30318.98607604961,10711.941322010665,10850.003808651849,48809.26937401737
122,16569.17755157984,8389.48742311263,44605.37013283339,3734.715661158902,30072.785600332834,19583.835741611176
123,21327.221895515908,25206.87183587504,15678.717478267989,11976.601938038952,22355.79048393618,26826.818040260045
124,39969.16077817281,20641.37531417396,22250.607130898035,22675.65384487419,41259.50102227005,36348.79306434293
125,-3776.163535760639,105229.01447949423,20700.747476501183,29114.99588465708,8262.597841208164,29426.544986148197
126,18117.63146169597,25634.213679257624,44078.99455590447,166366.1728387334,24314.412894096673,52769.14645365495
127,19771.577304170623,13327.341983074371,29179.582508036092,5377.112212997617,16385.13198380678,25587.12289956152
128,18957.010575087068,30456.968187212362,33137.859918768736,28120.126670663107,28320.640485858254,18884.5003149256
129,33580.595041260356,7349.090782016358,12089.614685312165,29192.245922345533,14278.488004072115,34997.72387165215
130,23410.953368812297,26336.023709632333,9435.842750188476,9656.639527313204,8679.306893962776,10430.889773676889
131,19562.52261164314,52443.2132631082,15298.394925443106,39022.48972576818,29121.23501654859,85572.76044548534
132,28388.226670279473,6679.547032510701,16679.692895536395,1297.857792733801,25508.627767143364,41124.87843886366
133,-6575.246524925711,6308.8365604776145,39323.66936881641,9770.692037338215,3772.05234188382,52480.964450024294
134,12908.13546921269,11110.506289877228,10101.513656385878,21217.88430902613,25829.536615080295,35124.88467382883
135,30582.814267752186,57609.68500658834,20973.738264668435,4950.511056171743,10967.536064136402,38089.441061269834
136,5670.27529580667,11685.162738443254,1603.356056999141,9947.307904522288,48795.078923528614,11877.991307406184
137,16603.48888219047,52573.99515390404,29417.912071161263,8392.949834012557,33678.48108025106,47303.12849888341
138,35517.07599441169,36089.64887556798,63721.99480077304,60621.69568824991,29591.576095522592,22189.343110519763
139,13390.130892277259,41801.10984995859,23473.534726473987,4801.55089953389,-2205.774071852975,74536.45099407894
140,10156.194876313572,5999.5129815631735,21732.188587190303,17085.65856389121,20980.1817762156,69780.19548641497
141,22408.769432839403,13617.943080815188,20792.17365363196,46555.26544078362,17027.06079341229,18618.8821624514
142,30123.763803977017,46087.65203672096,9738.651221309792,31508.10963560422,22211.264201580932,50362.8351678479
143,24720.80505143841,34642.79276866852,19312.988414430292,33022.24541201419,17671.91041497716,25917.288218983733
144,25142.23761719793,7333.215111877447,18589.388196442673,7543.451140870924,7964.844242765453,9950.516332745749
145,28676.704222323242,4366.424231535864,8026.35354846817,26972.277767970067,10006.24400933422,39875.99403937984
146,37181.204306380794,23908.91048946323,18022.593389265545,48888.76909930848,21010.537367595058,43795.1667016979
147,14846.549970972344,3873.9896639173044,13761.76548323741,69876.79631477903,33885.998141633005,25884.645034134843
148,17484.13392564651,7445.118725467594,34512.516587765895,23747.800732744294,4508.33132543538,44180.28923362422
149,24276.37206221958,6468.577038662056,21929.415551644426,14060.573992386764,20139.590534988376,52222.87821034092
150,36876.114471609326,6944.025630263065,17320.713384298044,55027.956516434904,30585.0472470291,74527.10421372809
151,25235.92908758625,3683.8371306663826,37102.64955223894,66592.73177873998,18303.64667803719,34973.64222340866
152,35939.22402572775,7476.520970633996,39721.53597980948,7027.374481928396,31462.860092926585,24990.404393549925
153,13752.949496377762,88403.78986140287,5493.583557539663,10776.001716539735,18254.299015885652,62688.33679263049
154,39822.390811590085,18936.92322911438,21419.640332151193,19946.29865482442,20891.98417773707,30286.260263164117
155,27951.4035797061,5083.68800603085,8596.238044021036,12732.322125127368,46308.701286160474,42150.8772371927
156,21273.184117396228,42517.07252888753,43123.370272061,7457.060465815623,16683.64097675029,41620.44274458405
157,36631.8914957002,29767.987794902463,38785.36015605723,26577.162077971676,8830.28283612362,75272.21544357498
158,18029.493728407717,3067.1748538407055,41220.10692174318,30849.322483625147,2151.313177254684,28580.57525953863
159,10471.095306183068,19597.253007149553,31927.36765366534,15099.544399610551,19388.773522885924,24626.430236133572
160,38429.466528271,154.03022809183784,4636.732292163416,16038.813343841131,68233.40528183214,65196.93961503908
161,26029.00876947863,1024.055068863734,28581.410257859832,5179.174070083047,20084.13328384614,10272.418241815594
162,8549.366031712516,88305.49115476673,22398.575288530104,11665.46830976782,10656.757703769617,20278.86964094386
163,-8053.313025106221,26220.472781875902,20964.26899624506,45237.791409823774,44140.13644903929,65193.759960977186
164,21392.244289531965,24793.7055248851,49158.50455364338,15023.876086072669,4635.716156842884,33997.377682804974
165,8458.108511818353,7758.917912900133,22586.451279634908,29295.75372030467,74105.97318331143,42121.50152877669
166,4310.297816568607,36317.25002194297,22730.54525382792,12073.348618725679,22438.686427454955,33371.510056299565
167,13248.508699467326,22405.388474055326,11682.102087704325,48492.26033555402,17059.019824016825,28756.221555161574
168,161.25059753181267,16334.023367603164,7523.330281220936,14728.117895756086,52271.63528936052,18177.554704707334
169,30001.581823036206,4840.626313628461,15732.800780373067,31173.543477624673,24130.306849491593,33705.912326645506
170,29761.922632448735,1154.7184297293286,36497.420903183316,6644.658261802931,24308.04532394188,28302.97270720209
171,23339.295558952716,18848.941398969455,22646.890519594657,37336.98984719563,35281.24328780132,25556.903014956093
172,1091.58590517407,36282.49010848342,1310.3903428974363,35869.773164150305,57107.36012119623,66858.53352029246
173,34806.03952958827,22395.205524960707,49169.61805683896,8528.736937495089,20803.330995769265,16605.27192085128
174,16678.90635043225,4469.011532998996,21569.91903849612,121756.64829502213,7379.183093693986,23415.554152871977
175,14968.3631320603,16076.949471868269,15798.154828388157,83395.9235459102,5282.613455370116,33651.316717572074
176,13959.397144766643,17411.579667693302,14072.420975104014,19653.056415982963,41578.25637420095,28263.396143782273
177,11124.380500673105,2085.5470304247783,18146.862622265187,53076.982694872,3338.699786789488,24265.260070422977
178,33436.39231576584,12496.803751266592,13386.290042950432,63454.04006074959,25087.521358681923,25229.248927258268
179,43033.602422771255,719.509491365916,11404.957751835076,9509.892333735474,15303.689637252695,40987.2455509599
180,41866.35079321376,3559.9521392086626,4092.6902313793244,20055.16745823954,3737.211125981621,19598.036207982495
181,7875.930733357853,2633.3530405359293,1122.1044036930207,1404.779440086589,18724.904614931027,36081.253150600736
182,26241.87782086297,27761.983144921043,10736.035375160945,15802.69039794604,65149.80659856234,112410.07133442331
183,17325.336624414187,3187.5834260485462,18491.339693886177,88843.72444556204,20227.828896928128,20455.654960444426
184,22488.13993672525,7861.113978634543,38685.98944011902,2460.130365706593,31963.55180680111,31793.09520373311
185,39705.95626471666,1972.82450783575,51069.46173301041,3408.298272892109,24357.11920508401,32111.003047976512
186,10056.663887233943,5318.03667336145,22670.102781397494,15435.204654159139,6913.193431450938,14536.803332396199
187,13669.01658877917,28333.671435475946,34760.57487416831,3804.2326711112755,12950.780993826369,29230.82740774157
188,33510.225536933875,113197.18692501355,21592.21220554168,17520.944030060466,6652.483986477184,80972.52313601578
189,9437.967494171875,14655.101842413884,3915.7887404507233,33083.214987010724,18125.927237663196,28415.07889301351
190,8318.3968174458,14859.765423738261,24053.12268583812,13344.785432616176,32202.590836224514,53062.12056345018
191,25155.759982902448,3690.8302043779745,15819.464568831332,3775.027468944502,19433.946093206367,7844.642394834322
192,8638.11993727052,23653.720483077093,17129.550026231682,27749.690558709808,10617.223706586621,38573.284551416626
193,36079.3459523503,40281.99417865092,16545.441573580305,9076.106812105134,-3207.3944732512464,37844.22379860353
194,19896.098625603812,35753.68078260878,15998.03790658964,17927.088242104914,12344.06089043406,31315.978207606604
195,-6443.3634191695455,7696.7390129055375,29979.105434721,6060.82036138345,30978.937432454684,43398.82764487729
196,32660.083363395504,31363.08965127247,23135.21921720208,31503.205188187283,6967.418600771497,23447.944657055657
197,296.0522526894856,48780.86689619462,41959.5020792365,5234.837980857739,49776.46644210918,39184.049438607406
198,11052.495034415766,23336.343399707035,32627.40497142349,29974.533877746177,9593.019608787561,38862.84633270296
199,6269.726570855199,7480.291066964786,18760.639272374916,8751.92689179649,34668.13960284616,16476.64644444346
200,2558.621446046018,1000.3634650180716,43564.40293910356,1657.9334443754256,32944.76831539917,35073.107263715836
201,23057.351292664203,8684.888651513102,13684.923643249795,7284.004647286605,46246.59507739441,20645.543214614263
202,26235.96005879378,8171.467877116569,7734.6517795724485,7882.949796132082,8495.472403723476,30142.060614656435
203,58719.97122151061,74135.68800531919,35999.511269129405,55511.097338290965,31503.64249131335,25966.710537040693
204,18727.974513445788,6919.43515032528,15094.676643789982,53157.713311886604,6810.190385747614,16900.584996976984
205,25110.276219427564,18948.625210412327,15658.842397920487,11469.78204623249,-385.0413925430712,27402.044171139696
206,49017.4280257721,4459.0902828603785,15959.129284934827,8932.665347112674,43204.08061291122,69292.86007700175
207,3014.562281811144,15554.591087791867,28550.932221898616,9307.591430528888,28896.900160751222,28997.6329442545
208,18646.184697040047,40955.61145538102,4711.914371060496,22196.525001236525,5780.471856436254,18717.600721500923
209,2940.405656502102,7725.826825450806,9234.124741576265,56548.62966338962,14381.05293575036,25386.94851337644
210,31183.351619348323,2256.911936642126,13801.507642895613,34360.26625289695,5539.888739901138,18912.651530326693
211,14900.831289432535,21572.39097017346,3203.606850931932,19970.608031705764,40875.129037450766,49203.87615210376
212,17843.616510928627,41401.39208029922,52722.70510886871,4154.245229580346,16045.775906164943,65655.85811872933
213,11649.689179024372,3400.2224076322746,35138.89826214067,20605.94650106493,32341.873187289373,25427.152169291727
214,27754.1317941698,62403.691435017354,21161.210942213587,3043.795027646236,10045.34318721492,15788.893654192014
215,14003.330054306054,76069.6678573412,39343.42347938776,7446.2029708666605,10935.57505539276,48445.01086494574
216,33395.88047788808,23843.845249286136,16871.337132810513,10214.395175794823,15445.537197605012,53631.62083965691
217,23111.307719686138,37507.97945472449,21681.568179984202,10643.617704761988,4279.455133175581,46084.68143125667
218,33948.72309882138,43769.56605419665,29246.752977757245,28083.66228840954,7072.1151913273525,17580.569595262205
219,12346.7768983291,16708.855341624356,21555.894787445355,13598.992601321368,8027.572852966947,30865.151507711416
220,21906.067102979567,14014.163973676961,31000.862181654433,20696.24438377172,27607.647033802525,28869.87288389906
221,25473.02448410511,13599.388671661902,35120.79065361557,2817.7219182833755,-1276.446609695542,63461.050279301344
222,22666.167989439517,13700.32842697501,16222.268559772656,15188.363789341372,21247.157631510814,54747.56906757006
223,30595.695582724933,10560.685557022052,24462.04866835715,5709.15273830346,30913.710265203976,29229.259691168292
224,56752.081986745136,10130.057165394208,61254.310427142555,24187.84944155917,26106.54514197164,20220.27687358464
225,25471.017098178232,71872.3776006133,8332.279404692004,4555.579851401448,11265.284970277611,17853.673851872365
226,30370.433272541675,24395.915287173306,25693.36778123475,65003.90770832086,-3221.8349484842656,19446.77655358083
227,21048.118438164132,13010.586331778568,4722.419199159913,54360.11129498495,33346.4972568502,34330.318403607474
228,22361.428316843423,109512.83638884348,36958.21310183299,62183.463623454016,8811.175763677673,52673.04268563117
229,23716.04148111248,5631.795082095477,5083.950102000388,7345.501277799694,18218.528445410728,39497.491163786166
230,22972.616012883205,8075.938370929928,40150.03155597023,33642.65277375027,25210.943139685045,37182.109735452934
231,34816.25407186368,16471.11530030542,14884.657765994816,37983.24329005541,24516.13546820551,50380.98472445234
232,15263.626357017492,24410.358408740598,10571.380265019001,4204.121773817427,4387.236498446104,39054.181307598315
233,8014.621493247385,3427.460801364198,9027.273875197514,36423.005861655794,6118.950815982122,33963.6349779018
234,44492.596067792525,28179.99381942655,18049.67962380794,39143.489951216645,2841.3309372184485,46735.75806729504
235,31956.647147572065,20715.95845022581,27008.43305968107,32397.803610633895,12185.829361347565,27794.473954515022
236,19065.67703185799,30783.026112453626,13677.429327763535,6661.682836992918,25181.57280624661,20849.195644358217
237,2938.169192316058,23517.601809370248,34976.33396987697,22934.965002109297,89164.40915635185,14938.116417051371
238,37159.409741252624,19019.61772453948,14478.517339790586,17716.11143248886,3845.4075084464876,63832.59258314855
239,-6204.931791656389,1356.086656678333,47113.46454350029,11705.971842978151,47450.492625012586,40473.53593196113
240,12630.58582562671,21249.722037553114,15559.778659976457,3483.9684751447917,23132.565986646317,32648.49438448009
241,15827.766753651294,4576.780205641559,18794.35946933118,12468.48617514876,21392.968608612187,25272.01824488185
242,-2394.195742649448,24026.085795003415,24055.403976031186,8211.8274637071,13822.432749612648,27426.91921756968
243,-978.5633583781273,27832.728755271542,3774.3756673742887,17765.88095419224,17062.909916188528,25989.599262220137
244,15583.284963301932,10281.914232562878,10066.078991933908,12951.160642144301,20249.814804488873,32789.687118437745
245,16768.863061820346,3689.576737033571,1454.571506137793,3539.393573199376,24156.42715988709,33873.45541518148
246,27065.53613528395,8884.60871579151,20801.114548293637,51997.05491861644,16310.3677095754,15287.097700474853
247,21122.480746197776,47090.05871470229,30153.668246113124,27704.08691139629,25382.91886649903,17348.86130663746
248,8426.911377389435,4404.870647172486,13419.615344042762,27199.19046015031,-2853.661084911386,38036.34511096554
249,16747.383626511128,37653.38249806566,23686.774242647927,34715.20905192531,19104.76367454045,43761.53245282514
250,32535.064712785523,60588.51022968085,13256.701481154385,10771.57805812919,15393.615271700408,22451.37801058879
251,27322.37313880939,21430.457338878936,18827.684382706244,9185.809739964076,16397.465567736166,26731.467070974995
252,3806.327338834184,32595.987285601932,36184.50953096325,13367.66824413844,15873.742677662683,43431.814063402446
253,29761.592394409225,8435.768194165346,28285.66028064345,10223.212963990069,12767.538552915828,16409.34968451677
254,24097.35267855762,7993.08991343215,39688.47289156876,4511.223022167827,48728.98383056809,37500.38951143433
255,13897.729610199262,7883.443925453691,6726.697211290463,45732.01865959764,22376.059349898085,14091.313758104947
256,22361.120318277626,14356.893466742771,24522.456868870748,1405.222053061888,14038.077878590584,37822.60648643524
257,14916.232646188106,5610.744936563815,14577.016225691059,32294.616445880052,6054.057776677111,60422.67219355285
258,12128.828100614308,7074.6841955266,26948.66495564928,17502.838088324595,16515.83558187598,27253.327395952554
259,28634.46784159935,7743.31367139783,2108.792256945045,3732.4768330365637,29674.838570197284,18049.654746990025
260,4866.272150015808,18124.105469608887,17268.05222680596,2953.1219778900304,15414.50293218905,31873.910261823265
261,26136.22929053883,3691.302501585601,10440.103159053897,37777.92952252535,27585.63741592555,9294.289121933223
262,16238.3202869661,14959.152830272975,6011.797396461091,9424.085443832271,15556.474345077791,40185.12435593911
263,11911.934250910796,18974.211762798393,34587.748174288805,11159.689583102545,7997.538294891122,46020.17021045498
264,21730.731667228272,28764.39442638723,7324.359755541784,3751.8298888932586,10496.319603780976,55686.52596911376
265,28475.04623602844,70936.30539929355,44458.669393497265,19568.89628447717,14867.71996832876,24168.186396182264
266,40018.93597026137,9763.612399098638,11474.442298464124,22573.869646215677,30972.36609192064,13378.884805535481
267,4134.262457502769,15121.913705525132,30131.870322664607,290516.1617887612,20594.877157322935,12592.795063702539
268,19886.021972024137,16696.064266173817,23757.13430166098,3763.6896575647106,12995.058305936253,46297.10753704439
269,15377.388367618714,15673.628875860486,37801.0346197606,26212.48423885392,5538.713892889235,28430.035870561645
270,7479.536076533699,7849.9913368592,10889.833971560753,5988.351101391275,17232.34545557738,24859.052270865384
271,34044.48182313698,17301.24332506417,26859.336889449427,18848.638447877143,14153.930402420217,27712.511114534253
272,24037.35699613628,10610.585483599509,13243.741160937148,6615.21139156086,44320.928426355196,34181.33067021832
273,10767.21460321129,7472.053017043066,25182.644067131914,20986.97257878137,45905.47565251538,49686.21798813726
274,17207.03874204117,3053.6675284964203,9868.498799667997,8308.736100118827,15444.517712452358,24353.493802722747
275,24764.598256991358,5532.954185015972,21449.854052858893,10352.115037663823,35190.01358291588,17326.269817590597
276,28834.726881855768,12577.558679039665,31106.912498594946,15871.861591911822,24880.408818617307,57879.94100221605
277,257.2614809881088,6202.981338740851,18512.12422788344,8635.531143870723,26787.315522271958,27437.56907165039
278,8363.168198046926,35989.96058737519,32518.69158703462,6693.282790064963,5249.056184539717,25602.442250787848
279,12326.642969234246,12240.900489300546,4364.09273381223,13003.966459037681,15862.8076155363,20418.11289636181
280,26080.09075292672,5314.478148840737,18688.53260490492,4082.4900285918,31419.039117310702,38118.703318117026
281,7446.614955240522,21577.21880413282,15411.04793978783,14610.638889119817,7533.8533691640905,30911.86412145132
282,25477.983525491807,41174.02066204625,1340.1912012355913,14181.54993574778,20180.57166892377,49457.699410567206
283,42295.14896578854,4733.049026141239,40619.850143339296,11555.116911349804,52162.114414385636,17374.400494582063
284,-9166.357216694229,36674.17187530793,11576.853799381814,75360.96886125283,17931.796968228286,72431.93961297967
285,17779.195956147443,13828.400964479968,3531.929090992264,7655.997946663166,20015.118827701437,28640.634381376593
286,19449.3066253738,34603.409596200494,35429.24820617866,14345.159368604387,25668.234331050917,48213.63010872668
287,39578.816328655754,13111.641466103856,53002.706245205816,25199.46742001146,17750.535703388854,36172.452805702436
288,35430.287029092644,7873.285987559699,23970.47481418633,172687.27605183815,4836.787388331253,19581.03072221164
289,7650.487574408493,8876.791820799019,16628.409916224577,28127.665199891595,33810.93182289328,38962.000522720635
290,20969.781567564867,16072.35010846833,19418.510846914724,35268.80469502272,16976.763488379645,31531.05384549207
291,16238.959007942914,3636.911003893302,21773.526648667925,21193.30353047306,18571.830248572845,19818.84484834684
292,12634.873040762563,12453.568551895356,6938.833564796081,21045.26197933358,22229.417955865803,35822.998469806604
293,19691.4928614369,24601.598630711025,30762.278068336655,12235.911556679674,7817.958251557774,32127.323089668043
294,22977.975200442237,15996.038468181563,30469.558908142186,32801.25313068355,42701.77777369569,38017.342463251516
295,34583.09739956004,8569.346355588694,31152.678065017062,16679.290624551028,5776.7574220264305,59761.88430531032
296,3782.9946468044254,13351.21709049882,5538.075162139238,3882.8026067876444,22933.82591559994,17609.17267134248
297,1027.1724847690493,84951.31198869838,25178.53592628906,35343.4325931168,14110.063260369541,25818.419901633715
298,36544.69582919711,19984.08410338342,9282.965975146833,19960.9654439155,12462.81121839049,15394.310062236691
299,25712.343519489114,8877.859720056906,4272.235983195748,35112.60499223524,10187.06908537653,25530.154097804112
300,28725.50063873682,26159.727473231593,30819.005205387813,18174.684110046666,17597.725263419088,45328.920406615805
301,27584.886121970856,33871.841339467705,26944.012366846244,7419.287055279596,14465.598706837818,47080.454232576856
302,19890.37297392311,16859.706431943334,7857.159405333739,2697.421302467386,12894.873899019503,31144.93025370207
303,18071.61944060359,4680.513437648654,21251.551709821506,33233.79362799205,66899.72990763673,26545.189135661192
304,14033.365113731168,14077.6609002136,42006.06606699856,9655.676186616132,17016.208026832268,30712.808673639705
305,54681.46367921829,60272.38345605532,23600.3628426049,16198.677390945833,6245.150746639574,31495.741687726517
306,27691.470088630038,24720.41537308485,8807.216825404195,4945.389472294568,6189.431817349045,32209.499879684212
307,13951.037643189502,12494.070017525893,46098.9975576955,13832.32657426729,70064.89337778644,26095.381388494417
308,25316.090900615323,12902.009257633943,17810.142243918464,2961.7220581550337,5190.40653868379,45463.09743680684
309,2991.7498494190295,15506.83369058543,6640.661084006413,13869.796314443263,14421.972517645683,58584.467229434114
310,16553.44323505083,8074.080852019563,24204.891579812756,34661.50708352981,-1061.9850788617969,31345.988343366073
311,32411.323515070057,13971.876885847067,24828.86433309339,23811.53138615984,23199.667509957595,59985.22433859789
312,7504.012432856227,6365.789158566475,8734.589055545712,4416.999471611241,33011.07528216233,41529.46757657761
313,24863.89127011051,748.9383953152168,14689.566127405551,10330.563677876718,28911.31829946902,91931.33613754457
314,3886.5055432246045,10478.05359543662,8587.914636157775,10916.592232563244,39355.48558221908,59350.300420312546
315,16338.950554552048,23500.699765714966,15502.002764624714,6494.070840045609,49723.93754953214,22519.58515246326
316,12354.150459230936,34340.80804882959,989.6882719107954,40149.97266141311,113.21088292068453,27323.993313708354
317,31239.45976307487,6415.014617382957,24401.23640515208,14087.730004632334,-834.1940644470997,29096.22472475817
318,15218.839201699513,26018.823584163118,79145.67058177578,9743.999053187323,3275.5029814804493,17657.725829821975
319,13638.948682043116,5059.403775264944,21267.24135198092,9633.343631707117,55493.489808427,30347.276634103186
320,21891.397086036217,16090.770143754238,30924.37492560028,14751.143939501064,14724.46686392923,49710.70047983153
321,24205.87687498069,19024.589356429056,14050.867141452502,10807.05136202657,20351.342905036014,33954.26128093541
322,24976.651932977988,2918.277019890861,11214.900548771335,5303.736630645966,13142.057248420291,15289.785542341482
323,26332.14179368277,14738.634711287106,15342.361811781631,10186.251899033816,7143.843151214122,67800.0506045997
324,15196.14392223234,19469.661301910066,11865.481088763832,28161.758128510413,17661.36842779601,44415.28893078161
325,14257.382878749244,44069.31385311912,17929.879519169746,5932.846545303185,45621.50664610234,43638.87751225946
326,15965.459982628974,8372.653669543895,16628.511046471325,116544.62064337995,-4174.935388966038,23052.533798397144
327,34171.62841711081,31384.351315938053,24354.077149784633,11133.464021867285,13209.315257106795,20003.58751758374
328,16717.15630534517,114.40814947412744,13061.782489798907,23931.918450984504,8634.896914499172,50734.056661352035
329,11156.790824150721,7242.076494334094,23920.659769775113,9655.050423161942,15987.240215233709,85982.6417777473
330,20042.89234538293,22966.06944323969,30505.033527618925,15795.667570195785,20719.038927873597,31231.261423518597
331,5386.129046441349,1687.7690663451208,13298.645518757181,7535.759664392951,19298.375570269916,21231.670558334867
332,-2213.3666587882,2407.9645085438697,20859.43021778551,17171.613628566363,4344.436849500789,30590.991781080247
333,10992.073384701434,37135.05019339255,5824.651668391367,33782.38956319061,39755.01046049585,51404.85655272737
334,31402.705275484157,10892.747315682536,28530.04761596948,28342.455503369314,20924.347508128114,42085.09341776675
335,8646.922185096531,300.22379573044213,31514.730894352906,31678.81408314589,25301.162711448516,25501.407140600564
336,43776.77782539147,11756.0008966779,10869.803621711697,2441.669802180814,4767.815223301477,32119.311042141555
337,30702.549138087597,10965.030572503256,14092.788663646543,19692.093898709038,15452.272435605157,49369.557980891
338,8204.681386169754,17496.724506245097,33123.257627312145,5381.202926348806,-129.26733003501977,54317.196179149156
339,3277.8262572163294,9823.342508322097,7963.288758870212,14622.342585828688,40758.46168015468,27978.23787103238
340,17167.81389907298,55959.62007468338,25092.729021568473,10156.527073627736,7018.582074041729,10591.856242860496
341,6339.702454038354,35559.63946849651,37509.657136416674,35968.3022379463,13864.870542997116,23127.758035137325
342,16236.022896581268,2836.995449483973,16279.467685782205,28154.706069035205,3074.0130362043838,23490.00709902275
343,20322.75197327432,6221.413238813984,31850.571097073273,166343.40464042948,11469.932681873548,35762.425834536254
344,8572.34128725677,21247.37338589272,23944.079270461098,22352.015886505287,18177.934198675164,26709.84134047666
345,20631.485721970716,5631.92180271161,348.8923523876644,56494.25459071023,44533.38526787747,19298.978933098995
346,12053.582973763141,33168.760087238,13422.512671951901,26939.406877214697,25393.976206799693,41165.847957314196
347,24328.046884993026,15754.681266652668,16306.639109501875,5787.362366997672,44147.04761035338,84150.07431314651
348,41716.46548368757,5200.804163516271,18790.20112490367,28452.29706136366,14032.594295126242,39807.91874664835
349,-712.3766371996426,26142.50458843567,15098.851108413575,5290.275520068448,70539.47115319365,26122.34770199537
350,8254.577293070704,1031.6039926037076,15282.501834452365,20492.81499671127,32516.630269113415,54563.165773178785
351,53752.82916599074,133.10025855358,25003.90332740088,53469.72334504086,17709.438168174038,42304.70734198763
352,10344.175862522508,26355.013304020944,4199.620980067189,15155.423090811426,9093.951624465499,58835.28070012413
353,8369.493718336105,6300.7367993246235,4558.499500382111,10996.993981636579,-2776.1853149700364,26243.89762769766
354,25871.72760708353,17405.17658585402,1284.6540028224933,5732.1796207006355,30774.796518619245,22360.08622818447
355,387.02296193411166,39101.9821574754,20213.76761469621,15845.205434756315,5110.131626800023,23945.1729596827
356,29982.213931266342,7708.67469143305,25652.05197948547,10854.780026181628,4231.323307850827,20484.63842296392
357,17695.668103960266,17889.726948194075,22882.5230344993,14526.343681600203,11064.123794777348,83849.1807456954
358,23912.98514756578,4000.9859783171564,5999.498906943926,35656.747486739776,22385.205416007655,25298.129253595882
359,26294.304815451324,26400.06381136475,15512.673851038091,5956.256098911442,10108.850961751123,34205.8874967724
360,36225.37730021581,6972.203998097498,14667.70824149922,24396.899277181463,33286.40943149364,38718.144317093196
361,984.8159929055109,5772.68857870973,52751.31449117772,114486.41491261103,23857.56281416316,47976.12543669193
362,19094.484610472962,32113.950034210593,14726.802680324983,16798.52629123029,24834.374324661163,21670.989219035746
363,27109.05263588263,28276.630976186705,10732.03602756738,33568.466969178415,15073.110948502417,33425.22862167811
364,22566.27583629045,66320.62495147962,17015.673002613894,2986.4191278855233,8768.252657783507,17244.614012981256
365,43783.83833782101,60528.2649186394,20176.651199633292,32068.602097268184,21724.79578098568,15339.988890410523
366,48220.2416924602,5412.763494469366,27807.658172865944,6896.297899012563,25572.89996173758,40168.13127273622
367,25222.62398378516,722.8879492938682,6843.301188698431,44340.575876678246,9306.603850131163,37687.1512018667
368,-8776.030340209312,10993.422036257247,17512.01331045859,46481.42913653609,11181.790876830177,15685.408736068499
369,18533.213133930825,73729.14116068825,26470.337882141383,17279.32568219876,3903.129760030288,14365.09491089574
370,23546.038331471726,5275.445969056102,31117.39730235963,36518.22819376467,12659.371735649727,52727.09034483283
371,32005.593584321152,31631.205770680328,36372.40876711522,12670.997324252632,4269.2389195861815,41073.32208402231
372,8707.015575789996,4092.1175519090425,16047.37789939006,45378.697511557206,31965.79782346051,23980.694994352383
373,2778.7224772208792,11135.54800826433,18654.959441969397,27298.518088745957,44274.467381375085,61797.335990114065
374,21674.621385503273,4310.166026616139,27536.342105172927,8004.052326292714,32367.898578938384,26970.025167762826
375,40635.577638163595,16860.345665552813,24029.29748817605,4599.859218523777,27554.928445401514,20599.473774810987
376,12802.947485167046,45287.826876215426,27469.434693329975,25837.888931695077,9912.683894098207,30723.163090568487
377,37127.29554629223,8738.144969542791,9860.942553511919,13945.666481753111,22295.288981845322,30095.54523055791
378,45144.42966897285,15606.988706524327,12107.504869790053,5762.673356965609,30356.1764492384,21919.684751126224
379,26849.321387804586,5864.606493753822,25070.30450508141,7142.893102567285,20358.69446964091,23934.2932770487
380,15166.723886919382,6954.147429142498,35522.1899180728,15587.367715852111,17742.216657318542,33147.22979539974
381,9905.544560662125,13370.696109661578,16057.780914762097,9103.897331885906,4671.7212683721555,28543.189827765724
382,19341.034657833767,5035.654819723185,25660.27569582697,19583.43040238872,18306.260919280798,45040.96271416564
383,26194.17364033006,38093.98559681026,32908.98410419711,20803.302378095537,71843.90829189356,21589.661095940708
384,26820.56179592839,2275.9266150160206,23305.703081303807,2667.1030412737646,23390.314005763925,53298.94961785208
385,-4563.472212486053,45625.95998035153,53633.83607739348,13373.63034107539,-4839.395020187192,36105.14403888347
386,527.3684551291408,5199.498743655144,18661.477016540048,6632.4159264333775,37092.90156184297,56414.71316490612
387,44989.71597762319,20230.32658693032,45888.01206908825,25249.290471568354,15912.308689653766,27385.341739532032
388,15136.551904563566,15914.281609119891,18332.061441345206,15547.305041188129,27320.27701724752,4335.245301471194
389,20402.78154252132,40605.19609961618,11307.962518179509,15718.209095623533,-5260.644086137374,33839.0296438789
390,37549.218112099064,7956.646675486428,7080.002820534765,10226.244758218745,28153.009466335578,50061.90735930221
391,38012.01603549329,8901.435236105546,14254.632093258391,15141.794554886095,15923.89113417195,17756.211884779306
392,35601.15353179915,20625.757363966182,19797.25373321514,19319.148733433143,62821.14821507516,38654.79995779679
393,20038.206690240524,13367.353857749868,20775.581315607702,13410.036192367545,24402.114422938957,36336.50338852017
394,8334.609967380475,14315.2979328003,32393.27066446411,9763.043036058605,16165.629535027114,15368.583053547187
395,9248.942559990097,5353.268626483191,44546.17260990039,6048.881593494298,24631.750076343065,26514.241150075286
396,22287.246676895626,2174.3713168300224,12448.377531080783,3472.1509005897824,6740.263788124951,19357.1036350343
397,47451.683995276384,31002.93580434728,714.4832425390294,14163.388754722893,30833.658969171185,50279.54329922647
398,30754.783184766093,30764.553058840378,19329.553059449936,24591.415385966284,12319.901401851155,31331.839328910206
399,37184.008542173025,7380.40123899859,9290.050397125071,21872.3361015231,28470.463190132796,60617.711669447315
400,24803.26156912023,33162.77614886474,21385.80217706075,1440.5241114424202,6648.971007266283,36752.12710868221
401,1240.3958519225525,4148.103362327968,8576.607689491399,4125.590795849233,30481.564765192248,38711.891992401135
402,10124.939268534232,11936.587226438447,5985.199078655265,180440.34935524908,19526.352456476387,19409.255547691228
403,14477.083889893773,10429.436596025305,31503.552749816467,32314.36448645499,32601.792220041265,38966.36379214139
404,34543.46176899952,8443.919952066104,12794.105683684826,12959.727239223206,47592.18879678396,22525.508611448113
405,35304.4154778338,14125.332246582146,28061.233974006842,96209.16716267042,16872.129140920428,49509.84145379618
406,5181.046518866637,32549.35050083585,14438.378458180461,32694.18169938434,25665.366283216335,31149.639231130684
407,24250.653401164054,14446.871585775236,18487.64086377875,2006.190109800393,3750.9638517478543,58161.22027216168
408,27822.68905527975,5428.85421045844,27415.587053177936,46416.64624735489,18924.019351805127,34416.99038656711
409,17208.852842403878,5735.08570900605,4392.197125539571,13024.494362804817,22848.61594412996,59257.49763491808
410,27064.63932661913,60333.25408154094,37614.982304275756,6789.661195437413,18281.644774257675,36976.83557068763
411,35530.71329804597,35319.53918005881,31683.931121299058,22144.375396355703,9262.431785667235,20348.42488183952
412,18719.498657381093,1442.5646655083442,14824.102566634396,14113.789817390261,25652.71678327264,32780.27187312908
413,22997.209734714284,20707.441048410663,34131.671132752446,6953.790443242778,44233.331477865824,36248.93754438558
414,13917.76488783558,16898.647637658203,26670.598350206405,8199.09023461565,29911.17029550296,32952.14164556719
415,13618.844410694466,2327.752577797817,16075.441606834767,3698.0303042107103,30270.797604159823,31013.05742758591
416,1673.9587809228033,4442.642304766265,20468.25270670347,7538.235660723473,33469.44564658168,50943.30323827914
417,8197.472933676712,47066.80505817988,5242.900857779769,30577.64214510911,17884.69876933986,9782.757391280313
418,-1808.6824075453624,35087.21513352489,11446.914368377313,35093.62914794173,24501.518778171547,17515.767339629412
419,18379.51006983136,46308.89855283213,16306.279139131593,19708.25123171587,24974.253047920487,22673.408988643936
420,36068.579944338126,10063.280375330303,30962.329802015283,30045.974235484813,30547.53902825805,35871.20715092975
421,15944.023439947428,5708.142721011823,25539.66329129973,21056.79955884572,39196.42428238802,5860.94661961266
422,53668.2075579713,38446.644686775806,33498.92002125961,65336.636165031894,39896.18540681764,28714.391375924282
423,6770.716023304758,8711.144077989484,15189.379231355842,2722.975642854066,30833.448023588164,23194.819906262856
424,6826.089174522971,280.729980549832,27503.30470741,30006.486284003255,15196.213069565389,71785.49765968409
425,40848.37443181835,11462.241208973192,25605.438420039154,21160.266542125468,18618.245232190227,37329.31056381724
426,37073.86268683221,2513.9450875667935,20978.463180101116,29808.214808585442,39771.07153727912,21873.8867634906
427,5468.055586620187,17043.136993486107,19704.880262736482,40457.47333726086,5134.214702790543,41606.81666600212
428,24969.694317337686,21877.36387931548,16369.083344347666,6475.258879426459,32203.481811332647,19597.165702132163
429,39781.8405559877,34233.121119816664,8988.618210466011,20866.54865230062,21123.579746917017,14236.549430813184
430,34031.09391192071,29265.626973493665,14738.515280431153,16589.777111063166,19862.097010385292,17574.212000160784
431,15079.388417697934,109207.01251076451,12030.832141268773,7609.605162471643,17098.221817010453,30984.51914375349
432,28312.44534006631,15774.822137897392,13989.395957407922,8570.361165896444,20564.221997856737,23780.79120456903
433,31062.371849170537,18569.828264691805,55425.695855138976,81519.64120920861,1731.3992690724099,33838.021874378726
434,-2149.9725551050215,20044.977110447242,23624.552603827127,62739.471737293374,18368.65764971395,29838.02482944412
435,22143.297432256924,8643.41381786084,8762.823165477072,3309.858528025953,28616.14864389199,22314.232868431864
436,22876.148196205322,5795.386287178231,3542.6321834945043,30639.534540608605,3103.818366091811,60896.79653301778
437,24767.366924798534,18860.49008876339,24498.987173651145,3410.275905001784,32013.830786945375,29577.311729959078
438,36960.85975143695,22107.25953104704,21871.83234562423,28839.973165473006,15450.975591725428,15671.975471296077
439,19134.4100532725,19412.000048948215,14453.113569234458,11752.354853961908,16871.51373184688,35799.91360397188
440,34559.60355138031,5589.797734234301,30662.80494292652,7806.849647484751,13528.794557282294,23784.982379137935
441,32744.79267141564,9092.551403332705,28803.816000505252,45062.57581688027,40456.96349656541,33517.68739418258
442,34030.61121014815,19274.166727136333,23404.215806835266,11769.156474005242,12189.134124969816,38034.798783712526
443,14537.60680327603,13975.103110482623,32129.284041485836,25634.450878533222,30274.782161920302,41805.040392632785
444,25445.622213361254,42462.06529113084,18134.086731745425,72668.60006357665,48236.49996280705,42294.407811886216
445,23236.81666401256,4212.662125242279,29406.664978272293,33608.56402941307,9625.346949538107,26067.966379736536
446,31465.273838521312,42069.69484684117,24295.823310564854,22264.700127697968,26321.585134184177,45733.48087952144
447,17018.667006238476,3808.4899961829,33302.191905324595,25438.020669443053,25707.01579131885,26609.176628502177
448,38261.98496080698,108.42685262306247,12935.986594611282,13062.791376966612,3954.7778221698227,31578.265139669707
449,18907.06459704558,26985.431989745382,24000.905083679067,19969.82760111015,24863.37580794789,66680.08750319376
450,31553.11737277925,4732.978916076634,12918.238533165524,2872.5257382592954,39019.58665391595,17302.30424020927
451,6977.064416517758,36818.47153414218,3322.8522500576223,17152.009895110772,63571.17368791125,27176.93831578331
452,19378.406579460807,23848.88294949089,4220.719927355739,18809.883321534362,6660.051032783925,25691.68540381721
453,32743.902196906594,37554.11677693138,13569.50754629423,10436.253016530763,-213.25744299566395,92777.75923674418
454,36236.26400194084,4051.5304507282976,18320.703152496917,4727.756990876152,7879.438061639036,12042.218653899934
455,12807.312755793639,3706.9456753557824,13529.647231817738,79991.53908483691,19494.38289551494,32986.04941870525
456,50671.73214496232,3658.643757836156,4096.181936105844,42467.87976484721,19787.997456368743,40452.72057906847
457,1234.0757399216636,18685.68373250074,21371.912272267793,5714.508263428118,30786.80549120561,55682.639094642946
458,23583.268187161946,15334.080710514681,24133.090538670014,3612.977198201041,17027.8645195749,29205.499459822324
459,5891.413962323351,14084.224167300872,60314.587975470706,14767.778987380423,30823.496305479533,33526.54578738066
460,19511.18627128773,6722.388702990218,24060.68891339859,13118.286695368934,20709.869598203677,75249.61867073893
461,20121.68000987038,49823.15460192001,17592.391785872853,87974.39796758669,8515.597119180173,30950.03469493008
462,4647.765745404802,26137.281404987487,36427.24673832148,87513.70053945495,-23.173340369805373,42586.447357927456
463,21982.048994098554,4368.845988418632,47311.430251884674,7128.419283414724,43975.28358212383,37613.694915834596
464,-6662.167824788841,10793.435691361406,24386.626469683204,11961.90925267861,63934.03179819716,20261.23831053157
465,-497.20029747327135,24946.123875135596,15294.528479952025,21693.643710276614,8603.560384148575,36752.661277479514
466,25558.533559166604,103050.85769128532,27250.97104966092,76850.76040048013,20240.00186502297,19370.10677754807
467,11224.928186862735,16451.53955175998,13592.908962392727,10632.64203267734,19680.036163977275,37528.06961812481
468,3335.421654388254,30563.77414161944,11163.096674575198,6316.527429197141,15676.20976691144,21649.924041943832
469,44618.71995775748,10362.670141262588,12614.702690546497,23559.330101076488,15908.260331153326,17488.358245793665
470,11331.768200374792,68872.14497324874,32203.664909470703,9630.4665828536,20947.803146630737,37015.81098549963
471,28480.31471235413,19143.11289920526,9516.00774530583,3398.4159754582993,8572.846035383509,15375.979161717169
472,13707.915348538954,3369.748180795266,49631.14432599174,21666.204876885495,3685.5507316124185,20376.712649173307
473,33218.322998107964,8863.058052379689,8223.68637940687,8850.80974795618,10654.446946830345,27582.059495813686
474,19537.590115386847,96517.87413268913,33145.01147425886,4546.776549412751,32553.717843991326,37836.301500133835
475,16441.262913740877,26434.40417752142,25391.367966415164,8838.869236263425,49589.187051845656,35201.912939293834
476,26136.983510326772,742.390186685104,54315.78456875885,4543.54524890982,16947.360842514903,23285.192174138414
477,5082.694525662273,12945.230322078105,45679.0835742133,159862.5727174462,11204.7164606931,48290.962041740146
478,31297.620173210344,28073.776564480468,15803.929770665092,6494.097596097461,-46.116942502012535,24207.266552688136
479,26241.61760553954,4571.810384024997,18184.389419626565,10691.807733084146,47958.01913924829,44486.38365406614
480,21448.58768765294,47118.74195034527,23690.631531303017,5683.04662204811,14390.2669878114,24158.77839678422
481,5827.871256131237,6792.470914341493,19422.410718236348,1008.9802151833427,38307.9385119793,25003.62773366608
482,46678.87906681532,2028.8541963526552,17672.231828175434,24863.130120492286,12811.430763215714,11726.434273870862
483,13145.74656018753,23055.029330723046,33610.92636063979,29872.07413865624,22032.511449396206,32955.395159605556
484,31560.288334381505,27608.05655913405,51120.1373807732,10032.889851393236,7603.058055008375,48128.0472795277
485,42191.19195423002,12644.142180894674,28541.45869023784,5762.5318422189885,48868.81032865785,65872.79588541738
486,16098.013027716182,54894.84010878198,19925.82459390064,14197.180930815766,19539.69592827528,12593.184429351384
487,8101.486155986628,4047.5029966711295,12668.312738076846,24907.892444702236,10912.286518600577,47975.51960700262
488,12464.847033465641,4373.474275953916,11400.378941168685,5918.459554899396,24461.43355737747,18667.812285914057
489,31075.90473831544,12345.279939238393,28298.174490581838,93757.55980126112,13310.5023124043,19648.270100406
490,26564.293937509916,5663.23609789802,6793.069306931493,11981.922704366418,22764.462347684173,25211.27951014991
491,31950.662436179042,9520.01371395299,13843.19775047686,30744.872777930843,-779.8377689128392,17716.952682850017
492,-5464.065373746653,31658.02472398366,38785.05774468649,7745.020491289223,12778.320922119548,28772.116259275524
493,25374.930027932376,2955.342039193618,4000.187187042763,7586.610055769642,19865.301850785756,32018.125234524763
494,11069.893844659426,8569.77590200403,19104.114152144586,9613.08623006045,11353.004838301855,31699.566291525105
495,25532.285012371365,42889.087920789294,8899.538649831122,12190.976688078052,11029.359416157577,60624.582406281894
496,27919.52666399544,9328.679560364591,24589.09735763653,11138.291653421747,13426.920551858031,35327.93840145815
497,24546.65098852683,23410.013666846433,8456.823218367204,6878.595396381481,24586.198517971017,14852.33962324698
498,17634.18103470359,4788.384921516964,36820.540798831695,8956.115399708886,28652.003409103156,44901.094584661536
499,23041.065911448906,5091.47608650659,13041.291725065908,16370.201090221322,4730.311520570163,25122.67818372599
