,blade,gearbox,generator,yaw_system,pitch_system,brake_system,lubrication,electrical_system,frequency_converter,Dmin
0,42503.59998954044,148968.9529478815,27339.577696506833,65453.944692228775,84918.34629669301,35184.80088158583,25684.88747969664,15447.229967088046,13194.300330594686,13194.300330594686
1,41437.65727851129,21637.541543888015,95079.12446329143,64900.55461437862,84104.82139204632,157002.708261419,81158.3273520685,41868.29828922045,58876.01559803212,21637.541543888015
2,41650.626546949214,31813.622537824216,35625.07039269073,65336.41157423935,84267.35902376517,48340.57508456013,32794.28884934142,19090.6957122257,18127.71565671005,18127.71565671005
3,41616.48242882798,29907.0808753387,21464.88664388012,65561.35582430167,84241.30031521412,26319.598170545087,20544.531865072437,12729.168926692537,9869.849313954408,9869.849313954408
4,41766.92757630779,39267.38124204337,37273.44316741232,65316.32879750826,84356.1196887055,51036.907466643126,34192.50658496178,19794.146529640293,19138.840299991174,19138.840299991174
5,41753.07598343852,38295.15642438276,11322.576526029625,65845.34700018601,84345.54818645534,12216.28772367675,11383.632420831967,7630.8581799384265,4581.107896378781,4581.107896378781
6,43548.589999770484,987446.7276699322,113536.74866306738,64821.78140987695,85715.8801506544,194253.42246878502,95599.87967329862,48253.22371444314,72845.03342579438,43548.589999770484
7,41872.28687929981,47517.10499730786,6623.5151593867495,66083.40756146614,84436.52965448824,6419.647426986488,6939.627989973298,4969.217411096721,2407.367785119933,2407.367785119933
8,42350.244265234884,112862.58231094583,31788.632812393418,65387.00131047131,84801.30557799223,42162.966093582116,29520.30149661421,17427.48230419769,15811.112285093293,15811.112285093293
9,41158.50232696713,13055.010541852263,8420.856077301967,65976.80969931842,83891.77100670493,8563.127866786805,8661.304500174188,6021.4650002631915,3211.1729500450515,3211.1729500450515
10,42617.89239274555,183204.31270983757,110761.45123767639,64832.76941554967,85005.57398300037,188569.43516046935,93440.7433827687,47307.2911176161,70713.538185176,42617.89239274555
11,42794.60323208554,252255.0341937945,51572.213649958554,65172.16113674989,85140.43926913316,75353.57530030396,46142.35910873963,25665.503528652007,28257.590737613984,25665.503528652007
12,42894.98625438384,302514.54057646287,179620.67896004542,64618.109407119286,85217.05134949958,336846.8851256759,145999.92070281273,69646.97165648083,126317.58192212845,42894.98625438384
13,41407.99264620139,20506.42390559354,106549.98990634084,64849.98086995418,84082.18141625627,179998.5600280408,90156.29950835329,45862.72980056253,67499.4600105153,20506.42390559354
14,42227.6696069389,90406.52172621903,10637.769768556976,65873.04718403354,84707.75689458686,11335.107399045648,10746.582868607635,7259.348396349671,4250.665274642118,4250.665274642118
15,41502.298536193346,24323.126168654882,46650.42581990678,65216.69477056769,84154.15544391227,66808.49216674762,42062.048087233925,23686.541874141556,25053.184562530358,23686.541874141556
16,41649.325017263145,31738.767077684803,228628.05914391065,64510.994762752554,84266.3656994497,449945.97460626485,182417.4326672169,84473.55941381835,168729.74047734932,31738.767077684803
17,43792.190242082965,1534604.488501899,60259.73408293397,65103.0387334237,85901.79526771339,90831.73050606767,53273.39234650674,29069.592190889474,34061.898939775376,29069.592190889474
18,42585.64618777922,172817.79321631824,105226.05325718004,64855.532352752,84980.96375718896,177318.01998065526,89121.73828691892,45406.26670189152,66494.25749274572,42585.64618777922
19,41680.27754333163,33567.60756933628,39687.21225028058,65288.468715436575,84289.98859264827,55028.2431873017,36231.45567817368,20813.141919673548,20635.591195238136,20635.591195238136
20,41844.77152195598,45208.639125550944,54222.80767503602,65149.90848125673,84415.5300001655,80024.56782419287,48327.20718552736,26715.46710105636,30009.212934072326,26715.46710105636
21,43027.325417494605,384389.83824122365,79043.89279792873,64982.56413646066,85318.05227941519,125790.23251585773,68436.33784277843,36117.01311804206,47171.33719344665,36117.01311804206
22,42452.58745036728,135830.46498466,96549.7449964652,64893.739687821304,84879.41364990323,159921.2930392356,82316.38297452083,42385.574633134864,59970.48488971335,42385.574633134864
23,42525.868809477615,155095.87455323923,75841.58811324157,65000.9264247577,84935.34180632832,119699.91375876921,65873.0037652872,34941.62555093766,44887.46765953845,34941.62555093766
24,40900.90609216638,8190.1685742939035,115552.22005700305,64813.968791113,83695.17418195504,198398.73004114348,97165.33500072978,48937.27758457674,74399.5237654288,8190.1685742939035
25,42094.295116354966,71016.66834231913,136336.8166989806,64740.52858575818,84605.96580524226,241958.4059942578,113193.2292472476,55860.86933747529,90734.40224784668,42094.295116354966
26,41688.95114783056,34098.737945199806,50045.15062131876,65185.5066320766,84296.60826667008,72684.08642950704,44879.722061536726,25055.713304855293,27256.532411065135,25055.713304855293
27,42657.23918436351,196727.181882221,16781.79994293806,65670.63463976113,85035.60335940865,19588.951128881603,16369.239472855776,10454.13254633662,7345.856673330601,7345.856673330601
28,42380.29411953752,119171.05160830962,136313.34864206638,64740.60501936152,84824.2395542775,241908.42804083097,113175.24363598859,55853.17680857585,90715.66051531161,42380.29411953752
29,41313.41360887624,17280.08047255047,220949.00753518782,64526.16382183395,84009.99892321475,431872.3515898791,176754.3899524387,82196.02482239455,161952.13184620466,17280.08047255047
30,43012.42783345027,374163.65740606794,26457.162077248013,65468.51165965658,85306.68247922449,33826.48291792201,24918.687588979465,15047.064298651196,12684.931094220752,12684.931094220752
31,42403.38035454007,124256.11887346192,27260.284159906336,65455.23430556495,84841.85891311806,35062.37978792533,25616.11573512898,15411.378026098679,13148.392420472,13148.392420472
32,42156.79323183795,79521.97320035216,15068.888424615792,65718.43688448254,84653.66421615385,17214.8164301911,14820.672038325703,9591.403116303161,6455.556161321661,6455.556161321661
33,41351.766649772035,18522.23104825805,24303.612747255473,65506.2080977492,84039.26987147005,30549.91028234865,23040.3506385316,14058.980862627726,11456.216355880744,11456.216355880744
34,41831.18794445891,44110.706865157605,224416.63031848,64519.24970229819,84405.16304660062,440018.54409992794,179313.48921380495,83226.41738743294,165006.95403747295,41831.18794445891
35,42050.487362843676,65603.20577444258,102117.2675358157,64868.847508511404,84572.5318334825,171050.34630319654,86688.48359857846,44329.87624000702,64143.879863698705,42050.487362843676
36,42143.06714962971,77570.70074868342,98677.48666683331,64884.06117420467,84643.1885033373,164159.73055207805,83989.50091227847,43131.209211635105,61559.89895702927,42143.06714962971
37,42776.17751483849,243981.133777797,158277.41376768934,64674.27452419634,85126.3768061965,289406.0926224228,129909.58174224688,62943.70847418886,108527.28473340854,42776.17751483849
38,41087.53774168069,11481.411328351805,21489.29411304424,65560.85124396587,83837.61100647124,26355.515498145247,20566.094871248453,12740.746960770104,9883.318311804467,9883.318311804467
39,40405.31111528509,3339.863699262784,14668.925137769302,65730.38089697983,83316.93729160521,16667.97674735706,14457.182338843213,9387.194237388361,6250.491280258898,3339.863699262784
40,42002.2270981914,60115.97829204236,55367.84574029176,65140.63003667306,84535.69971596508,82056.7074553762,49268.4838305797,27165.848322435086,30771.265295766076,27165.848322435086
41,41735.78863753328,37115.479144710196,51778.40901446384,65170.38948098331,84332.35452577955,75715.25293453668,46312.62753395129,25747.563149111596,28393.219850451256,25747.563149111596
42,42877.72052855116,293207.09312799026,110808.61475725139,64832.58039540461,85203.87418921098,188665.79334433778,93477.47031355085,47323.40562919559,70749.67250412666,42877.72052855116
43,42775.872922979346,243846.66466258888,82668.23641623669,64962.65866496426,85126.14434242465,132742.9126379738,71327.89286506614,37435.885369027565,49778.59223924017,37435.885369027565
44,42457.97798284273,137162.1972361478,40433.40354286259,65280.198222001076,84883.52769127967,56272.122400489825,36859.81952325956,21125.617429038048,21102.045900183686,21102.045900183686
45,42405.84819447527,124812.37240054845,74699.32813735383,65007.66443559594,84843.74236260104,117539.80615292121,64956.66560008799,34519.97933659736,44077.42730734545,34519.97933659736
46,42634.07229746139,188648.7628295232,28989.63795852496,65427.92492935111,85017.92244723298,37748.20329284889,27112.582641619523,16188.678708026684,14155.576234818334,14155.576234818334
47,41388.8459181907,19807.95227212083,99535.75463712493,64880.21608940701,84067.56867964478,165874.5934457891,84663.59864184629,43431.063217458475,62202.97254217091,19807.95227212083
48,41571.29378199467,27558.357989781456,99142.68304585331,64881.97293847697,84206.81244900347,165088.84787601297,84354.92950062323,43293.79982309129,61908.317953504855,27558.357989781456
49,42266.30855756354,96955.40786265007,26336.01424252281,65470.54941289613,84737.24604845724,33640.69762304962,24813.34304121001,14991.918383778937,12615.261608643606,12615.261608643606
50,42461.685888159496,138085.80783422088,24419.922289987586,65504.08831990364,84886.35755566924,30725.436996349104,23142.114055441718,14112.780685513631,11522.038873630914,11522.038873630914
51,42429.90564349269,130367.12163438038,213143.64669128458,64542.13254989549,84862.10294963393,413629.7862551827,170982.6556995944,79864.7403459055,155111.1698456935,42429.90564349269
52,41623.02345747688,30263.253985929903,17769.215366973578,65645.25003918495,84246.29241249367,20980.065352586138,17256.321999927986,10943.387343499338,7867.524507219802,7867.524507219802
53,42926.62333552475,320342.59409813315,38139.86821626498,65306.126098750115,85241.19669347741,52463.82625106118,34925.52531594396,20161.392337589717,19673.934844147945,19673.934844147945
54,42852.41949622874,280082.84605509305,47438.75888821213,65209.25442395868,85184.56450240081,68165.54593283116,42717.742945180136,24006.22239891614,25562.079724811683,24006.22239891614
55,41940.298360260545,53741.60423462071,86719.3285345136,64941.417106219225,84488.4358526272,140586.63080716255,74548.4090290161,38896.44370805232,52719.98655268596,38896.44370805232
56,41373.62006356346,19269.53553356128,160119.05454892197,64669.138175604145,84055.94834413742,293451.6500133988,131304.25175966762,63528.93636136383,110044.36875502455,19269.53553356128
57,41901.091767721024,50060.1506845766,199083.40077660925,64572.4322197669,84458.51347581725,381107.06189676054,160544.16018181219,75621.48669194322,142915.14821128518,41901.091767721024
58,43473.86304252169,862530.1780584733,60110.36899048214,65104.14063719206,85658.84871721867,90561.6252701814,53151.490134690845,29011.934324298603,33960.60947631802,29011.934324298603
59,41497.702397573536,24121.62615684126,17686.345001958078,65647.32556746241,84150.64768200937,20862.706395504152,17182.020915060115,10902.538888725208,7823.514898314056,7823.514898314056
60,43308.56735056656,639503.7048466166,110485.35115963423,64833.87757618258,85532.69544402215,188005.50919191435,93225.71601240379,47212.92755855981,70502.06594696788,43308.56735056656
61,43489.2062934105,886818.8442111886,123928.64649440839,64782.8961530802,85670.55864926954,215779.89782736526,103649.40424745128,51755.26489373501,80917.46168526198,43489.2062934105
62,41514.59165255623,24870.38097421055,59653.07890706106,65107.531284126824,84163.53752065377,89735.51759890793,52778.13413826089,28835.232783941367,33650.81909959047,24870.38097421055
63,42004.19779908638,60330.787611232736,67955.65985341961,65049.673791495465,84537.20375013229,104924.20708834994,59524.19248114355,32003.51480648164,39346.577658131224,32003.51480648164
64,42152.32346103402,78881.22917537944,15107.911246662068,65717.2885756602,84650.25289786307,17268.326247996552,14856.09623649941,9611.268512138362,6475.622342998707,6475.622342998707
65,42545.812909222186,160796.7892658458,169697.53370296865,64643.34177143417,84950.56309512281,314641.18712150154,138538.4550262621,66551.46115494058,117990.44517056308,42545.812909222186
66,42971.160238921446,347234.66158711707,110582.6979740813,64833.486547369714,85275.18715067006,188204.3049531619,93301.53464585068,47246.20345075387,70576.61435743571,42971.160238921446
67,43037.312625992694,391401.4019502539,44242.28101835505,65240.227276394544,85325.67449283907,62691.68565155167,40053.727284695364,22703.205410733015,23509.382119331876,22703.205410733015
68,43430.70449859947,797717.9794079233,99323.02494213596,64881.16603007149,85625.91022065058,165449.27204031707,84496.55907802453,43356.78998249497,62043.4770151189,43356.78998249497
69,43206.95314422233,532070.1272512442,3490.877097435817,66367.77766133854,85455.14372696304,2976.6406345377,3842.188555174416,2976.903918255534,1116.2402379516375,1116.2402379516375
70,42183.76673798956,83500.63207110185,11360.658628464938,65843.85616616237,84674.25033095432,12265.609881153798,11418.970121958664,7651.383650549995,4599.603705432674,4599.603705432674
71,41663.380473957826,32556.55108233853,59701.18079130429,65107.17340435254,84277.09279007942,89822.3556071834,52817.41741311658,28853.83255778617,33683.38335269378,28853.83255778617
72,41037.86006912294,10494.118757170414,11875.481256529347,65824.1783141586,83799.69712666095,12935.594635082422,11895.81090583218,7927.534584603572,4850.847988155909,4850.847988155909
73,41753.23369473348,38306.089348893496,67037.2868237999,65055.71505403596,84345.66855133505,103224.94259511471,58781.25601641682,31657.040633928154,38709.35347316802,31657.040633928154
74,41965.04956916164,56203.89287099525,69156.1417694556,65041.89871181459,84507.3259155291,107152.38509997519,60494.184294726954,32455.01209154336,40182.14441249069,32455.01209154336
75,41080.1978952516,11329.891871392967,122451.7640602881,64788.21917087511,83832.00925338961,212697.7964037459,102508.68493578822,51261.25178744653,79761.67365140471,11329.891871392967
76,41388.250922722,19786.63227563742,75954.36540450524,65000.26668218389,84067.11458053897,119913.53964334194,65963.41757641235,34983.18624451879,44967.57736625323,19786.63227563742
77,41369.27512432871,19118.59144356586,30768.27525761056,65401.48664713088,84052.63229699899,40544.19835566571,28644.549133803688,16978.51459355642,15204.07438337464,15204.07438337464
78,41970.88846638413,56801.013134163186,282472.4978910828,64417.09555328436,84511.78214779844,579931.0205246675,221741.94561374505,100045.62619276701,217474.1326967503,41970.88846638413
79,42427.55755324069,129814.24524363597,15790.499334736562,65697.66825073358,84860.31089282018,18208.74322914157,15474.61591104057,9957.122759134038,6828.278710928089,6828.278710928089
80,41282.18393766158,16330.428203815729,54089.44921219323,65151.00182358242,83986.16451350944,79788.44592556565,48217.4812512872,26662.889805554143,29920.667222087122,16330.428203815729
81,42386.291251197305,120471.64408507546,56059.880992313694,65135.11493533213,84828.81655068754,83288.97953193705,49836.642695683004,27437.14432237245,31233.367324476392,27437.14432237245
82,41233.21605700364,14945.35397000929,43942.378179003994,65243.247243251404,83948.79234516417,62182.07413497799,39803.03706700334,22580.004100397342,23318.277800616746,14945.35397000929
83,42441.78588075278,133200.72151475446,7905.829577545713,66004.83102169035,84871.16991804058,7938.562588687288,8171.144288745339,5724.9952291367235,2976.960970757733,2976.960970757733
84,42785.40438836272,248089.8863095415,68152.98719363942,65048.38638761126,85133.41873380322,105289.92359554012,59683.72329422045,32077.837820251712,39483.72134832755,32077.837820251712
85,42366.216458833456,116172.93973072512,101148.63261980037,64873.07917902663,84813.4955176014,169105.1969881341,85929.17347540667,43993.162556746065,63414.44887055029,42366.216458833456
86,40773.85625246219,6507.660488026684,118740.67770518124,64801.88338337088,83598.21005089875,204986.0766386352,99637.59965042198,50014.598774352344,76869.7787394882,6507.660488026684
87,42880.635160806894,294757.9509637383,72138.32192339769,65023.153679352894,85206.09862951476,112720.8300085515,62898.24076247664,33569.896246069016,42270.31125320681,33569.896246069016
88,42404.757431049016,124566.20683930343,32828.41015064147,65372.71093228136,84842.90989458642,43823.267543076,30410.49986110563,17882.039552175564,16433.7253286535,16433.7253286535
89,41669.77101127221,32935.305368678375,129663.4953338864,64762.81108998718,84281.97003273565,227817.04005717975,108069.11531496137,53662.555453098175,85431.3900214424,32935.305368678375
90,41569.80982606839,27484.43850114116,40227.55624041848,65282.46440878945,84205.67989742172,55928.51859589147,36686.566363460035,21039.532768186746,20973.194473459305,20973.194473459305
91,41431.686461302124,21404.965579129625,147368.90362360957,64705.98069082549,84100.2644787615,265639.074422136,121622.44061863865,59448.63025138327,99614.65290830101,21404.965579129625
92,41578.087824350565,27899.33278823147,70929.02696856186,65030.65979101164,84211.99764573362,110457.12567793473,61924.3186674974,33118.93571533001,41421.422129225524,27899.33278823147
93,41843.892917026795,45136.803890405616,74698.46840349231,65007.66954573603,84414.85945100385,117538.18279960372,64955.97550466685,34519.6614967449,44076.81854985139,34519.6614967449
94,41930.09292080785,52758.03435978837,43015.94125705842,65252.70817947568,84480.64708586542,60612.22849822257,39027.7882451819,22198.35103418462,22729.585686833463,22198.35103418462
95,42097.745807156956,71461.59761259728,33837.02114162639,65359.274959695795,84608.59936413488,45443.88818477367,31271.944504596195,18320.227765205607,17041.458069290125,17041.458069290125
96,42253.0256681934,94652.25777653958,21236.69187055898,65566.10129027136,84727.10857934518,25984.189465180923,20342.83949958535,12620.793565035532,9744.071049442846,9744.071049442846
97,42453.99216968136,136176.25039717424,23841.106390995727,65514.73900802561,84880.48572829377,29853.59400011347,22635.314477251723,13844.532500292968,11195.09775004255,11195.09775004255
98,42354.986328773986,113835.44189068215,14486.65398408439,65735.93245513903,84804.92470944139,16419.753755160018,14291.281096553817,9293.76400187351,6157.407658185007,6157.407658185007
99,41514.34066768005,24859.08564044942,77251.64542130026,64992.74731540374,84163.34596960197,122375.4273576834,67002.7114771561,35460.37804167031,45890.78525913127,24859.08564044942
100,41515.31532233193,24902.97777983581,23364.520232905346,65523.70452587855,84164.08982368017,29138.90157398982,22217.315091440403,13622.683437386753,10927.088090246183,10927.088090246183
101,41583.84243725934,28191.439361488814,98308.41869678564,64885.724911213045,84216.38955241814,163423.22923424336,83699.4904106094,43002.10733858632,61283.710962841265,28191.439361488814
102,42611.99032114224,181257.65193491455,20784.45390561771,65575.6584503868,85001.06953619604,25321.60776500267,19942.629508491245,12405.322673334425,9495.602911876002,9495.602911876002
103,43210.813159233876,535800.4255298014,102148.9016607174,64868.70998645746,85458.08968110458,171113.93432226815,86713.2721281429,44340.8619895411,64167.72537085056,43210.813159233876
104,42009.7115114974,60935.87717281588,22662.32396452109,65537.25311217894,84541.41180213829,28091.198438909843,21600.239548912992,13294.15461440493,10534.19941459119,10534.19941459119
105,40760.15756774262,6348.2933950596935,17336.16378765139,65656.2047509487,83587.75524777944,20368.007068748044,16867.753133038546,10729.502163547386,7638.002650780517,6348.2933950596935
106,42028.52982071679,63047.12140209181,138061.80377742942,64734.94616445511,84555.77389032081,245636.66202311296,114514.5875624818,56425.57651099866,92113.74825866736,42028.52982071679
107,41347.802573008514,18389.81335610786,141539.5471585828,64723.90045460225,84036.24449765054,253080.2748614424,117174.73367454702,57559.817986621456,94905.1030730409,18389.81335610786
108,42385.81919833326,120368.75775516598,70735.83185233152,65031.87079966259,84828.45628108089,110096.19089964393,61768.60855751288,33046.74906229374,41286.071587366474,33046.74906229374
109,43023.50005289775,381737.61640053056,88514.32986273691,64932.32058361999,85315.13277038651,144085.81856956295,75971.66101643618,39539.214669274785,54032.1819635861,39539.214669274785
110,41204.66750683491,14192.716298497859,8614.56405306201,65966.71190922442,83927.00416057084,8800.045157334855,8845.056124719571,6132.023550702708,3300.0169340005705,3300.0169340005705
111,41896.12595085499,49612.23081022269,5036.191883085657,66205.05290641193,84454.72357636897,4620.911572625975,5388.932127789393,3991.158595047814,1732.8418397347405,1732.8418397347405
112,41532.051501810325,25668.873587936352,69006.24336033294,65042.86214219692,84176.86283546912,106873.73759630909,60373.137297926834,32398.721963520067,40077.65159861591,25668.873587936352
113,41000.11606254842,9801.153059104981,14212.731226565009,65744.40827417356,83770.89099192986,16047.891789331938,14041.656730629931,9152.910277284778,6017.959420999477,6017.959420999477
114,42466.17386467724,139212.05167026655,17906.738710397804,65641.82696790331,84889.78276851687,21175.063978753053,17379.56588011,11011.091404284498,7940.648992032395,7940.648992032395
115,41880.89304867698,48263.06308127642,5332.085524621119,66179.7039588106,84443.09786218786,4948.589888146221,5680.548295954788,4177.6769685984755,1855.7212080548327,1855.7212080548327
116,41788.49026288543,40830.18627036962,167522.6499088098,64649.068960023134,84372.5762790649,309808.3910488094,136898.6818551518,65868.23068806625,116178.14664330352,40830.18627036962
117,42121.23122307796,74564.74058870574,92235.87714225713,64914.034568103176,84626.52337688906,151385.67928278644,78915.45216935867,40863.64251199915,56769.62973104492,40863.64251199915
118,40893.88361873622,8086.7273702471875,47341.58877067834,65210.16481410529,83689.81464718028,67998.02983125963,42636.96741079592,23966.876248899513,25499.26118672236,8086.7273702471875
119,41684.493370486496,33824.723443183226,14299.09549133194,65741.71845347468,84293.20610175893,16164.981616431727,14120.399646179825,9197.37774389278,6061.868106161897,6061.868106161897
120,41434.83089010046,21527.134418242462,149612.89900291906,64699.27083250055,84102.66429923203,270500.3187243332,123330.9393954163,60171.71656098493,101437.61952162495,21527.134418242462
121,41750.9438529996,38147.657918475525,86677.17876724237,64941.63296405083,84343.92094964976,140504.63655076514,74514.96152859998,38881.31853787766,52689.238706536926,38147.657918475525
122,41629.43221527399,30616.338318265724,186178.2706462163,64602.18873447639,84251.18356097834,351657.37154891767,150913.25327286305,71673.78904085458,131871.51433084413,30616.338318265724
123,41534.21132854926,25769.414446235696,86528.15251987039,64942.397001389276,84178.51121002402,140214.79864008815,74396.69329523867,38827.829635745125,52580.54949003306,25769.414446235696
124,42194.133553278036,85082.1846948809,48880.92224983287,65195.9576941384,84682.16225936453,70659.76761997763,43915.102811597455,24588.310205865015,26497.412857491614,24588.310205865015
125,41818.483634122655,43107.987820073686,13470.669962396812,65768.21706449578,84395.46714761095,15047.7639635618,13363.53685615843,8768.5650307589,5642.911486335674,5642.911486335674
126,41695.117448771765,34481.43622844858,58123.45238782689,65119.06486142966,84301.31437266745,86981.44499592927,51527.654677684695,28242.184928857474,32618.041873473474,28242.184928857474
127,42684.53607813605,206690.81885308272,56110.19750733473,65134.716602114095,85056.436282861,83378.69475440738,49877.93128702304,27456.843509656275,31267.010532902765,27456.843509656275
128,41498.709195701675,24165.622082350146,4870.275965873807,66219.92673580229,84151.41606791108,4438.837229195684,5224.841811404239,3885.6173251723067,1664.5639609483815,1664.5639609483815
129,42189.02001612856,84298.35888556372,80978.9305065634,64971.825685474,84678.25962015241,129494.5167828835,69981.37956858908,36822.62964434582,48560.44379358131,36822.62964434582
130,40997.04820432117,9746.881164504062,37606.939975322726,65312.373861501,83768.5496099344,51585.36782801344,34474.80731495682,19935.703601651716,19344.51293550504,9746.881164504062
131,41825.765954496,43679.94108063076,83562.15987196132,64957.88329476431,84401.02499694566,134467.25011872864,72039.56340033743,37759.38359537514,50425.218794523236,37759.38359537514
132,40778.91451819459,6567.513194838243,98286.44526319421,64885.824163089295,83602.07050709873,163379.39710770888,83682.22123298702,42994.41786430238,61267.27391539083,6567.513194838243
133,42689.578136772696,208585.69123566098,83550.2690054281,64957.94648030694,85060.28436984462,134444.28887349862,72030.10069774918,37755.0850163925,50416.60832756198,37755.0850163925
134,42190.80822565944,84571.63913563757,89965.8242067021,64925.098742060305,84679.62437735095,146925.7820181478,77120.92256899085,40057.073834629504,55097.16825680542,40057.073834629504
135,42799.12207756668,254326.6646550747,100500.0570045621,64875.93532023654,85143.88804109916,167804.84849257467,85420.44450736676,43767.34647273049,62926.81818471551,42799.12207756668
136,41379.61109137961,19479.621509164255,162049.55021377592,64663.817046719036,84060.52068210872,297702.39685050613,132764.88751273206,64140.956859272934,111638.3988189398,19479.621509164255
137,41885.088969438315,48630.988700728514,90816.56489289661,64920.91988752808,84446.30017878702,148594.59762725682,77793.85630492952,40359.82060595392,55722.97411022131,40359.82060595392
138,43227.81219358604,552541.8815866882,188947.05407661587,64595.634326725136,85471.06330309884,357942.3503251382,152983.76695678403,72525.25602642204,134228.38137192684,43227.81219358604
139,40603.45273092248,4780.558382826157,76298.8319214245,64998.25761574513,83468.15849448986,120566.43025096283,66239.5132992621,35110.05274926588,45212.41134411106,4780.558382826157
140,41392.090642173076,19924.62274134243,74952.60366535885,65006.16155567387,84070.04504515773,118018.20469110244,65159.93948181279,34613.58238016235,44256.826759163414,19924.62274134243
141,41521.193244669215,25169.329233118653,60368.162621246156,65102.24053855681,84168.57583982297,91027.89180434628,53361.87020478658,29111.429835147876,34135.45942662985,25169.329233118653
142,40907.23833899752,8284.5767297802,15075.733551742844,65718.23524078642,83700.00693745512,17224.2007687677,14826.886428328247,9594.888516949206,6459.075288287887,6459.075288287887
143,41858.9447335083,46383.37377754629,21598.300649870696,65558.60470382487,84426.3469610184,26516.025869897578,20662.374750236017,12792.423730647877,9943.509701211591,9943.509701211591
144,41204.829258942234,14196.8720231172,83775.31348264562,64956.752164331505,83927.1276093888,134878.96019733406,72209.17261031903,37836.41844463769,50579.61007400027,14196.8720231172
145,41913.9187342793,51235.95466509567,31165.357570530057,65395.79323130219,84468.30298573956,41172.90139529245,28985.618445123502,17153.58353372409,15439.838023234668,15439.838023234668
146,40606.02475801234,4802.864971030036,49804.01148082169,65187.6511866082,83470.12145935783,72264.0212256136,44680.069733907665,24959.083282143176,27099.0079596051,4802.864971030036
147,42247.84335158069,93768.59320888222,6946.58840218733,66062.26230930394,84723.15344781271,6797.212002297283,7251.506153043963,5162.1952166093315,2548.954500861481,2548.954500861481
148,41018.42251544167,10131.343033023571,1022.6432775669479,66912.90412168525,83784.86243259952,682.1406594286395,1237.0420620559944,1114.7988313972253,255.80274728573983,255.80274728573983
149,41719.112334684294,36011.94743689832,9827.373693287947,65908.2293568068,84319.62721168967,10306.943614800975,9988.595787954178,6813.451159221266,3865.1038555503656,3865.1038555503656
150,40989.01045615269,9606.11036920143,193205.32089251184,64585.739065847825,83762.4152199295,367644.2979754548,156163.58589848838,73829.92661226513,137866.61174079558,9606.11036920143
151,42548.359884654106,161539.75923501613,11106.438137381576,65853.90452415367,84952.50694062591,11936.986360659777,11182.8959202543,7514.100719464479,4476.369885247417,4476.369885247417
152,42451.880485870846,135656.77103812833,37586.05734083464,65312.620477283905,84878.87409630565,51550.996133144916,34457.13610412405,19926.8470845487,19331.623549929343,19331.623549929343
153,41324.06263816326,17616.371728193222,28496.201790640847,65435.547364384205,84018.1262366676,36978.501524834865,26686.314433585154,15967.861334535091,13866.938071813074,13866.938071813074
154,41855.50350008607,46095.373842395435,49295.86935177597,65192.204513629884,84423.7206199752,71380.16890390142,44259.10701807135,24755.151840289855,26767.56333896303,24755.151840289855
155,41674.46487902959,33216.30540970148,18601.537995717208,65624.92514931948,84285.5523812805,22164.786874185516,18001.121425470945,11351.578412673109,8311.795077819568,8311.795077819568
156,41849.75442850768,45618.21256142347,6159.004866231704,66115.69124682547,84419.33294242065,5883.253908245216,6489.142011455389,4688.410266847204,2206.220215591956,2206.220215591956
157,40607.70115520288,4817.459969518209,53032.2274962785,65159.76609423037,83471.40088164805,77920.68794088063,47346.86933737967,26245.150393047705,29220.257977830235,4817.459969518209
158,41432.34821575909,21430.618642828053,225982.15184929888,64516.16312930336,84100.76952816607,443704.57124111516,180467.84215646202,83690.56163241733,166389.21421541818,21430.618642828053
159,42611.87671830971,181220.3862953388,203852.15214267562,64561.922228996154,85000.9828347884,392087.770266217,164090.70245782303,77067.16995089306,147032.91384983138,42611.87671830971
160,42576.241883732706,169901.09205322523,55672.99458025661,65138.18973766928,84973.78641503582,82599.6931226198,49519.07704191171,27285.557780082996,30974.88492098243,27285.557780082996
161,41515.41485282544,24907.464348046735,20459.899102435404,65582.64633098603,84164.16578511262,24847.86738409255,19655.00097704472,12250.109215543811,9317.950269034707,9317.950269034707
162,42162.99179702553,80419.16339271904,28696.214648825684,65432.44184527496,84658.39494614617,37290.17916414877,26859.16884512631,16057.460423910332,13983.817186555789,13983.817186555789
163,42742.5434384285,229571.5499322488,136667.59539424555,64739.452663127915,85100.7073602486,242663.0205787704,113446.70839085613,55969.26621666935,90998.6327170389,42742.5434384285
164,41779.676226085154,40183.99008201854,130153.61773204943,64761.13595319309,84365.8494274496,228850.79652890205,108446.13433220371,53824.767915785116,85819.04869833827,40183.99008201854
165,42461.49008736949,138036.88019631192,43319.37946494723,65249.58715976028,84886.20812097883,61125.66649492474,39281.84755885701,22323.534201217608,22922.124935596778,22323.534201217608
166,42854.83309975703,281309.068091189,138773.81490960615,64732.662255749565,85186.40655878892,247157.59922531396,115059.62452343445,56658.254693041294,92684.09970949273,42854.83309975703
167,41361.67260268415,18857.317134488774,186308.9888009374,64601.877105761014,84046.83007082682,351953.6761353453,151011.05813982448,71714.04468522524,131982.62855075448,18857.317134488774
168,41938.849872781604,53600.89457269899,78717.0933238098,64984.40361753414,84487.33037047887,125166.40948558418,68175.11759285568,35997.50575663817,46937.40355709407,35997.50575663817
169,42611.05781509728,180951.9844278805,128434.076440239,64767.04101058345,85000.35784983292,225227.41680323955,107122.92055550135,53255.12203242531,84460.28130121484,42611.05781509728
170,41506.33593879225,24501.518812401522,16577.282573850785,65676.07884522123,84157.2367798324,19302.82813296786,16185.008575850516,10352.085324135862,7238.560549862948,7238.560549862948
171,43152.935039978016,482511.6059980579,109150.79526707875,64839.273319263986,85413.91724016421,185283.70245371095,92185.77600787072,46756.1446956273,69481.38842014161,43152.935039978016
172,41982.37973202734,57994.7699546297,120147.52033057399,64796.65377929539,84520.55225400577,207903.93521019013,100726.80566804526,50488.09916169119,77963.9757038213,41982.37973202734
173,43300.19985033335,629891.522183149,28805.309172014535,65430.75708900432,85526.30938803722,37460.36325534354,26953.41103713026,16106.27845918889,14047.636220753828,14047.636220753828
174,40518.09423606302,4096.210765570123,88596.31792494112,64931.90951062496,83403.01309720647,144245.98803863514,76036.61579171038,39568.51110916594,54092.245514488175,4096.210765570123
175,41517.156254380214,24986.09298731349,81648.90760988768,64968.16737555347,84165.49481857676,130781.22159221624,70515.66152453079,37066.149531889474,49042.95809708109,24986.09298731349
176,41394.619836213256,20016.041305198192,49284.22653576809,65192.30939099453,84071.97531994556,71359.938895476,44249.45780290493,24750.47434516018,26759.977085803504,20016.041305198192
177,41290.453956402685,16576.706520402997,155362.5362764629,64682.52757275928,83992.47617185484,283022.19720455003,127699.59330771686,62014.63793558523,106133.32395170625,16576.706520402997
178,40653.539114645646,5234.186544395077,43097.03840918483,65251.87190261409,83506.38430167527,60749.37966252631,39095.70181131921,22231.82483689415,22781.01737344737,5234.186544395077
179,42512.35636427134,151348.71675954756,9838.832125117522,65907.71196729556,84925.0291407561,10321.366411426334,9999.345840295482,6819.80584721058,3870.512404284875,3870.512404284875
180,42043.68060536829,64799.93758974082,124700.54315481387,64780.13925057144,84567.33693260385,217393.69762051574,104245.18756625209,52012.993166462584,81522.6366076934,42043.68060536829
181,42522.28204110741,154092.27060329414,6978.280037118727,66060.24130490226,84932.60439336403,6834.441140822621,7282.038704934303,5181.027356473364,2562.915427808483,2562.915427808483
182,41162.536353178664,13150.67929302582,117535.92502361142,64806.411252996535,83894.84976577436,202492.84903610984,98704.06682763975,49608.223415152854,75934.81838854119,13150.67929302582
183,43007.099139672086,370572.3097566632,46141.79639441658,65221.56228470435,85302.61563299257,65935.35267637618,41638.54461378083,23479.712201249735,24725.757253641066,23479.712201249735
184,41769.16120252458,39426.4512583072,38477.59039388661,65302.21185725105,84357.8243868438,53021.78884756463,35210.89889937541,20304.086933722905,19883.170817836737,19883.170817836737
185,42950.38264913332,334418.87105846335,13520.915438748045,65766.56402952674,85259.32974428576,15115.142688601742,13409.541837187926,8794.720619848009,5668.178508225653,5668.178508225653
186,42779.85234560009,245609.3287637969,73999.7290458843,65011.84232743215,85129.18142816538,116220.05878152518,64394.905231888355,34261.0977658407,43582.52204307194,34261.0977658407
187,40370.21215076141,3134.289331757397,3795.8929997642904,66330.58525951837,83290.14984658411,3291.407766153839,4151.066217808686,3183.232352005558,1234.2779123076896,1234.2779123076896
188,41298.426766228244,16817.649716249656,54004.064858677426,65151.70326549911,83998.56100107315,79637.32716022666,48147.2169824187,26629.212949945588,29863.997685085,16817.649716249656
189,42398.96960308269,123268.0989583869,2256.4739001325775,66561.51690516817,84838.49263825013,1763.2801267270895,2568.3350532978016,2099.7201799608606,661.2300475226585,661.2300475226585
190,42412.80408238882,126393.67377652187,18967.11128642359,65616.28391959313,84849.0510794702,22688.53039073953,18327.436363752673,11529.703111673087,8508.198896527323,8508.198896527323
191,41379.9980933243,19493.270906936825,61346.64169987192,65095.10165232686,84060.81604105896,92801.26303650864,54159.76064140141,29488.304672919145,34800.47363869074,19493.270906936825
192,40845.92075047431,7414.321740686717,33449.384161299575,65364.390784284646,83653.20950187028,44819.87974286639,30941.104540108703,18152.13327842406,16807.454903574893,7414.321740686717
193,42068.40023390166,67765.01435795985,169600.38154368644,64643.59603506482,84586.20289344531,314425.040288256,138465.24092668362,66520.97873952228,117909.390108096,42068.40023390166
194,41379.2624021085,19467.331568684735,28897.58949910963,65429.33696969997,84060.2545632985,37604.418410282145,27033.106713159792,16147.543549533375,14101.656903855806,14101.656903855806
195,42534.7634082242,157612.9418617523,123678.5187919094,64783.79319285332,84942.13014262661,215257.38782798933,103456.28368043988,51671.681052357926,80721.520435496,42534.7634082242
196,40387.857154090765,3236.0036190343494,24401.398547995028,65504.425244087506,83303.61647054288,30697.470967016176,23125.90946560113,14104.215831251775,11511.551612631065,3236.0036190343494
197,41404.185030666195,20365.58744456811,135713.25126921147,64742.56397238932,84079.27545326862,240631.0362347894,112715.25583324232,55656.38242847753,90236.63858804603,20365.58744456811
198,43079.22165437476,422245.5774565724,158350.20382856068,64674.07038036428,85357.65936216233,289565.8136232313,129964.72907786921,62966.865110854495,108587.18010871175,43079.22165437476
199,41789.26803060405,40887.70439425822,48989.47872288045,65194.97273661661,84373.16986951079,70848.11785495382,44005.121164677585,24631.98578066919,26568.04419560768,24631.98578066919
200,40686.46664293474,5555.613069943986,58592.25343032129,65115.49809582983,83531.51451180238,87823.99255412444,51911.16855066411,28424.270756938837,32933.99720779667,5555.613069943986
201,41838.99263818507,44738.24289211476,43037.23110673786,65252.48848522872,84411.11957001756,60648.228801019606,39045.618055895844,22207.139890727227,22743.085800382352,22207.139890727227
202,41027.634496519146,10301.681745365857,20166.36634245005,65589.06241732548,83791.89299432683,24420.700540076443,19394.562664221827,12109.307073680504,9157.762702528666,9157.762702528666
203,41421.197424836595,21002.432201456257,23957.20558539638,65512.5821057604,84092.25927144392,30028.13273833564,22737.04376861483,13898.441336146576,11260.549776875865,11260.549776875865
204,40976.87880116436,9397.480732758055,45736.81373799349,65225.47643760051,83753.15637011941,65241.51278508058,41301.084532498055,23314.703428014338,24465.56729440522,9397.480732758055
205,41221.41438805534,14629.49934779018,121416.39381817867,64791.989299403744,83939.78533990348,210541.50887220306,101708.35174007238,50914.21291080216,78953.06582707615,14629.49934779018
206,41745.55952844931,37777.69997001505,118337.08974501259,64803.39506647251,84339.81164614683,204150.28789781698,99324.95092069606,49878.556700709865,76556.35796168137,37777.69997001505
207,42244.31410779099,93171.5298378921,94590.60329248566,64902.84178884812,84720.45993746944,156035.1812492378,80773.33227943759,41696.11259854353,58513.19296846417,41696.11259854353
208,41937.31229848188,53451.93387450882,53834.73678963815,65153.097600808695,84486.1568974839,79337.78074944986,48007.848677472066,26562.395923445034,29751.667781043696,26562.395923445034
209,42399.59603737192,123407.94177621079,56270.83863858929,65133.44726498567,84838.97073138792,83665.22832966551,50009.730709541225,27519.71175503645,31374.460623624564,27519.71175503645
210,42223.94424678242,89798.98519048629,121222.917604637,64792.6973747483,84704.91370870573,210138.9772650959,101558.73803047388,50849.29739472231,78802.11647441097,42223.94424678242
211,41112.58678457594,12013.931750059335,26271.13053255208,65471.64463986417,83856.72837555871,33541.26594124411,24756.907851881308,14962.36277487192,12577.974727966543,12013.931750059335
212,41151.74796901289,12896.38355352906,10009.704452621823,65900.06715303782,83886.61609701437,10536.841345958796,10159.540955855471,6914.394813835308,3951.315504734548,3951.315504734548
213,41648.225295999415,31675.65561520696,58229.89147010707,65118.25252610438,84265.52639483515,87172.62262341792,51614.750519016445,28283.552356773795,32689.733483781718,28283.552356773795
214,42504.522120888,149217.79211640824,44347.10365197812,65239.17655748003,84919.05006511211,62869.96932338712,40141.31815536756,22746.227540996708,23576.238496270173,22746.227540996708
215,42263.42595559719,96450.87206342087,22324.834393825207,65543.91493239535,84735.04605359303,27589.94472977003,21303.139724878994,13135.535040626155,10346.229273663761,10346.229273663761
216,41991.714417767,58982.93661076141,17470.211332757845,65652.78483697737,84527.67646363514,20557.14151603496,16988.11036049514,10795.821553083715,7708.92806851311,7708.92806851311
217,42103.83737783101,72253.85459520423,104028.5317013365,64860.61425215672,84613.24843617268,174899.23012193412,88185.09886016107,44992.39849189196,65587.2112957253,42103.83737783101
218,41532.16242751797,25674.027658193616,95766.30015934704,64897.35718558799,84176.9474937015,158365.35780033874,81699.62129831023,42110.203276625696,59387.00917512702,25674.027658193616
219,42417.547545277186,127483.49234539796,88625.66132401112,64931.76248067573,84852.67127889933,144303.31964607074,76059.86188029332,39578.994941353885,54113.744867276524,39578.994941353885
220,40907.132082437376,8282.983596780294,72003.06164840954,65023.98696648022,83699.92584270485,112467.25399191503,62789.36982508334,33519.531609934,42175.220246968136,8282.983596780294
221,41880.06266733841,48190.58046538348,35455.302531426954,65338.53247120789,84442.4641171542,48064.27212732383,32650.005708953373,19017.88105764207,18024.102047746437,18024.102047746437
222,42113.333864479144,73506.50366159352,35846.27173629852,65333.66323603196,84620.49613186493,48700.98291604731,32982.20523188647,19185.466544835155,18262.868593517742,18262.868593517742
223,40782.85551402153,6614.526900483217,52327.807554009276,65165.70320529048,83605.07826560317,76680.33155119748,46766.04632450542,25965.88932521462,28755.124331699055,6614.526900483217
224,41422.4140398549,21048.730894567114,79711.719684124,64978.82862271251,84093.18778908986,127066.64103540737,68969.89323309083,36360.92420743861,47649.990388277765,21048.730894567114
225,41745.89123257739,37800.387357169915,45738.9103165447,65225.45608507777,84340.0648019369,65245.10161181821,41302.832139662365,23315.55842212648,24466.91310443183,23315.55842212648
226,41741.27172587833,37485.65220960081,98018.63231273131,64887.03563479697,84336.5392055723,162845.3272822181,83471.7200234146,42900.6706316692,61066.99773083178,37485.65220960081
227,41504.73540058613,24430.643029807736,33910.75923975033,65358.308441580775,84156.01525293602,45562.75239651951,31334.845311374072,18352.15976332233,17086.032148694816,17086.032148694816
228,42084.83775230034,69811.39257586992,24946.901295336196,65494.60877273741,84598.74796781896,31522.805749525065,23602.722728122793,14355.901091790496,11821.052156071899,11821.052156071899
229,40686.058012887836,5551.5056471064745,90992.79666539618,64920.05912952502,83531.20264633672,148940.6864941441,77933.19442284598,40422.46383469275,55852.75743530403,5551.5056471064745
230,42063.513115351794,67168.24464442083,11268.384531175467,65847.47717001874,84582.473056362,12146.15798912875,11333.330020630176,7601.6259831740135,4554.80924592328,4554.80924592328
231,41509.46435019445,24640.64686732494,8049.986255966361,65996.80795254867,84159.62437586485,8112.582044747808,8308.581832089138,5808.356732590422,3042.2182667804277,3042.2182667804277
232,42364.91940963354,115900.53197276223,6397.342115549583,66098.83372439737,84812.50561278216,6157.500092484703,6720.5980393531945,4833.000406584378,2309.0625346817633,2309.0625346817633
233,41890.36669185725,49097.75909091228,25406.470104084092,65486.50388476542,84450.32812380056,32220.93441940109,24003.800072218968,14567.0843266943,12082.850407275408,12082.850407275408
234,41616.11255797437,29887.06629486018,94443.12708249965,64903.534569447525,84241.01803067123,155743.29744079796,80657.07880997447,41644.09775765319,58403.73654029924,29887.06629486018
235,41836.86652479841,44566.41339806843,241874.33869908864,64485.98786469159,84409.49692541176,481407.319623793,192152.06042666963,88366.77521716258,180527.74485892238,41836.86652479841
236,42267.677466497036,97195.92855306467,147362.87839505228,64705.99884429005,84738.29079645174,265626.04158098274,121617.85054171075,59446.68578119789,99609.76559286851,42267.677466497036
237,41875.78833107472,47819.19943632132,16288.088660217714,65683.89286995196,84439.20195403289,18899.446478857444,15924.201255846747,10207.356197334264,7087.292429571542,7087.292429571542
238,42645.604336916535,192627.70916072992,160699.05096851967,64667.53278808748,85026.72367191518,294727.6692774205,131743.22550631783,63712.965567239546,110522.8759790327,42645.604336916535
239,41158.62265070041,13057.853978353045,4656.216432605005,66239.88338494457,83891.8628374878,4205.762325553262,5012.499069548992,3748.380741537356,1577.1608720824731,1577.1608720824731
240,41410.26538843386,20590.952059702337,33872.42982226928,65358.810579748395,84083.91596764333,45500.95974984991,31302.150484515805,18335.56309244644,17062.85990619372,17062.85990619372
241,43840.08438392914,1673569.7421247151,30349.22735183553,65407.57525277932,85938.34796118876,39882.47504742626,28284.24523483815,16793.270432433226,14955.92814278485,14955.92814278485
242,41865.14690977974,46906.99116378343,51916.95341172897,65169.203048966505,84431.08044698121,75958.42909436955,46427.00301328815,25802.662982864025,28484.410910388582,25802.662982864025
243,41355.88971532505,18660.971382755448,48980.557625484995,65195.05359740634,84042.41658515004,70832.63620952453,43997.72409653871,24628.39728204772,26562.238578571698,18660.971382755448
244,40561.86193249751,4433.901485440139,52788.03918493416,65161.81522538604,83436.41649750186,77490.34095805905,47145.59370624017,26148.42859745674,29058.877859272146,4433.901485440139
245,41491.808012744434,23865.65077735231,9778.334913999466,65910.45047146748,84146.14910173256,10245.256242733802,9942.577759775153,6786.238160110985,3841.9710910251756,3841.9710910251756
246,41560.813854320346,27040.552131048877,222663.91941948625,64522.730988283074,84198.81419349335,435897.8777917032,178020.37492803138,82706.00628207068,163461.7041718887,27040.552131048877
247,43032.37952603694,387922.2562819181,5507.831771784513,66165.30566226966,85321.90956285775,5144.9568367441325,5853.160943241398,4287.476020379879,1929.3588137790496,1929.3588137790496
248,42806.8171879902,257893.6585304457,18730.518110234225,65621.85714799944,85149.76093080398,22349.339056114684,18116.306394863346,11414.502907880295,8381.002146043007,8381.002146043007
249,41870.373650014146,47352.844558897785,164733.75320667154,64656.52283724907,84435.06948251456,303629.55791404855,134793.56736230213,64989.50739752508,113861.08421776819,41870.373650014146
250,41939.59877900072,53673.59911856084,40873.73650694313,65275.38905647516,84487.90193389799,57008.30708516006,37230.202278419005,21309.469754671394,21378.11515693502,21309.469754671394
251,43236.672903119936,561474.7013095529,50093.116476782925,65185.08128336482,85477.8257752318,72767.69145590658,44919.42679105233,25074.923215324394,27287.884295964966,25074.923215324394
252,42582.24627638902,171757.59223815278,74606.78134550736,65008.214858897234,84978.36895302088,117365.08034309722,64882.376175751066,34485.76099039405,44011.905128661456,34485.76099039405
253,41212.0009912308,14382.35590898462,6757.212269430577,66074.53457713043,83932.60105816409,6575.458023616511,7068.83101774319,5049.300527648723,2465.7967588561914,2465.7967588561914
254,41876.50414455371,47881.19366414431,64113.492025627405,65075.51486043321,84439.7482611526,97846.26528872646,56410.718805526725,30547.573335150653,36692.34948327242,30547.573335150653
255,40972.657710340616,9325.957701320654,129638.26086505112,64762.89750748286,83749.93484378936,227763.83714054635,108049.70112906069,53654.20045735791,85411.43892770488,9325.957701320654
256,42389.770252597475,121232.6275429793,38280.21161451937,65304.495309067206,84831.47171616036,52695.57298851639,35044.13830580656,20220.720883745642,19760.839870693646,19760.839870693646
257,42465.75229190332,139105.8695414112,37740.10655333947,65310.80442978666,84889.46102519319,51804.642582061315,34587.47721458764,19992.157664714312,19426.740968272992,19426.740968272992
258,41986.33773071967,58411.724508890526,141542.0945322019,64723.89246373516,84523.57298905603,253085.74067948904,117176.68031799929,57560.646736470735,94907.15275480838,41986.33773071967
259,41846.573823262894,45356.35429411056,231657.89515107678,64505.149411163075,84416.90551217349,457110.77915209037,184647.78489930293,85367.95055181306,171416.54218203388,41846.573823262894
260,42025.75954525016,62731.78972633899,91281.49293942255,64918.65266399298,84553.65962277011,149507.92592794693,78161.40806287651,40525.031222777696,56065.47222298009,40525.031222777696
261,42647.25763678637,193204.99122165382,22170.80289747745,65546.98895320852,85027.98546638597,27361.672508889176,21167.427704230224,13062.981366012185,10260.627190833442,10260.627190833442
262,41842.11539771567,44991.82177780317,6666.954614065645,66080.50515291517,84413.50285255525,6470.203401889008,6981.629084543005,4995.27232488425,2426.326275708378,2426.326275708378
263,43003.81756314836,368377.817213602,16483.369720639577,65678.60132533497,85300.11114170901,19171.678400913588,16100.352655863988,10305.141761226854,7189.3794003425955,7189.3794003425955
264,41998.39972065817,59700.97117295833,125643.41880947817,64776.79474194514,84532.77867066822,219367.6736037485,104972.55526531754,52327.377141711935,82262.8776014057,41998.39972065817
265,41663.04837371188,32536.987661907868,22456.846870416975,65541.29717853972,84276.83933197317,27785.83602559251,21419.394196662313,13197.637415337811,10419.688509597192,10419.688509597192
266,41989.27472141433,58723.05749953748,45978.38017742626,65223.137550387786,84525.81449326644,65655.23130057853,41502.40224017479,23413.16383293999,24620.711737716945,23413.16383293999
267,41546.28922516934,26338.947794872867,95809.07609337852,64897.158908383506,84187.7290315772,158450.24605813128,81733.30635398232,42125.25009647755,59418.84227179922,26338.947794872867
268,43336.10612043332,672186.8427687266,6921.9928320375275,66063.83715598957,85553.71296672589,6768.342224108868,7227.802752555185,5147.56793243754,2538.128334040826,2538.128334040826
269,42337.68976797068,110326.91589953449,124557.20168849644,64780.649915691196,84791.72401597763,217093.86301650756,104134.57190634414,51965.15712067638,81410.19863119033,42337.68976797068
270,41615.607786779794,29859.773551309856,59727.83456917924,65106.97522340737,84240.63279051369,89870.47951942105,52839.183655079,28864.1376044159,33701.42981978289,28864.1376044159
271,42185.24974218206,83725.06307390534,93422.48325952972,64908.35897893006,84675.38215617515,153725.75114318004,79852.1352727802,41283.669839486676,57647.15667869252,41283.669839486676
272,41799.038964437044,41617.23315037848,97531.3753332596,64889.248291796845,84380.6270226322,161874.3931994036,83088.62204328769,42729.976038157554,60702.89744977635,41617.23315037848
273,42749.37772362617,232428.9280029136,11289.322918729802,65846.65291544724,85105.92327021847,12173.246329528536,11352.767770357668,7612.923875037897,4564.967373573201,4564.967373573201
274,42474.046617930566,141209.93014594552,15486.429680825646,65706.30152671003,84895.7912348007,17788.793806702193,15199.345984544583,9803.433662631815,6670.797677513322,6670.797677513322
275,42533.58096506614,157275.98429237652,49307.894012510355,65192.09622264361,84941.22770486194,71401.06339086937,44269.07251062201,24759.982509404468,26775.398771576012,24759.982509404468
276,42102.54548534185,72085.10316491996,129476.69592978166,64763.451198720475,84612.26246694264,227423.25193019467,107925.39395184198,53600.69947235179,85283.719473823,42102.54548534185
277,41851.53279925742,45765.283689415555,88730.64764061244,64931.23682776507,84420.69019068514,144508.4746930881,76143.02808003974,39616.498850102274,54190.678009908035,39616.498850102274
278,41206.917563584015,14250.634003348998,166077.5280668351,64652.915709238136,83928.72139845176,306604.11676180514,135808.2146525693,65413.27123511966,114976.54378567694,14250.634003348998
279,42501.40915791426,148379.4150699971,20850.337711858338,65574.2532585628,84916.67425928298,25417.957408838076,20000.975024699128,12436.771221608731,9531.734028314278,9531.734028314278
280,40673.636289115646,5428.085105204815,155165.344747007,64683.091470922365,83521.7224167308,282591.18600715755,127549.97299058882,61951.661032649834,105971.69475268407,5428.085105204815
281,42095.31748547362,71148.2022173815,8478.91935482751,65973.7587479298,84606.74607488635,8634.029751420816,8716.417188699208,6054.657405344461,3237.761156782806,3237.761156782806
282,41668.06695836611,32833.88085820012,63064.410709715725,65082.84007432004,84280.66950367005,95928.16690988165,55558.140849285344,30147.03770135648,35973.06259120562,30147.03770135648
283,43043.22237731468,395610.45172250044,43806.04067194096,65244.626958182795,85330.18480078617,61950.6315012185,39689.02842408778,22523.94053838499,23231.486812956937,22523.94053838499
284,41175.33400862516,13458.846091576437,167917.28590297716,64648.02425160566,83904.6169055269,310684.3823903375,137196.34221509538,65992.3350144146,116506.64339637656,13458.846091576437
285,42475.157203740935,141494.06312127793,14591.792571226613,65732.7217102989,84896.63883121104,16562.859282314927,14386.996574889885,9347.68541683403,6211.072230868097,6211.072230868097
286,42215.1962524135,88388.35237506105,62759.536978507414,65084.99171880509,84698.23726051468,95371.93899379505,55310.16913415071,30030.388813327252,35764.47712267315,30030.388813327252
287,42308.0983759357,104573.36059373722,52435.46059652969,65164.7907105097,84769.13993698863,76869.67412924796,46854.849394251,26008.615860378908,28826.127798467984,26008.615860378908
288,42740.842411697726,228865.83623787673,69902.58796109044,65037.132016577845,85099.40914075272,108541.75538657545,61096.660132250276,32734.956960766045,40703.158269965796,32734.956960766045
289,41677.85704605812,33420.86986106677,19267.640448018432,65609.30400264727,84288.14127497045,23120.604000676867,18595.329625355986,11675.621221322563,8670.226500253826,8670.226500253826
290,43118.579701494185,453422.04855415894,20475.72858159359,65582.30294848554,85387.69732874217,24870.93842008286,19669.037553038674,12257.690791561281,9326.601907531072,9326.601907531072
291,41551.64314959341,26595.422364610797,4411.6696383105245,66263.83717314148,84191.81513377717,3942.1079745375687,4768.99042495011,3590.042230275692,1478.2904904515883,1478.2904904515883
292,41010.61852317855,9989.245021324426,156649.2953537089,64678.86537657686,83778.90644453747,285837.4113657937,128675.5721191264,62425.1977894515,107189.02926217264,9989.245021324426
293,42063.999242564365,67227.36985821741,31466.39096950339,65391.52511292727,84582.84406747748,41650.59948462124,29243.96472702087,17286.008335932795,15618.974806732967,15618.974806732967
294,40408.3969862914,3358.5699875583823,45692.6537834663,65225.90533698856,83319.29242091018,65165.92945277022,41264.273483453726,23296.69297900524,24437.223544788834,3358.5699875583823
295,41490.047225633774,23789.713329522234,181408.44971683252,64613.71210706183,84144.80527325896,340874.0571007011,147340.77107401547,70200.98083899629,127827.77141276292,23789.713329522234
296,42262.81506079611,96344.28604734411,139548.38989550484,64730.19093168206,84734.5798201551,248813.9531135558,115652.30924310168,56911.10715567135,93305.23241758342,42262.81506079611
297,42058.30936616551,66538.58702174936,39988.68536524334,65285.1087356726,84578.5015675411,55530.2319527396,36485.43310155209,20939.527230449497,20823.836982277353,20823.836982277353
298,41908.69287351144,50753.62041569566,34050.06145335291,65356.48826728538,84464.31462141295,45787.44556799511,31453.64558246857,18412.446187423837,17170.292087998165,17170.292087998165
299,41595.6433516867,28800.060396825702,9648.52629945206,65916.38409934603,84225.39598183027,10082.265211559776,9820.679292093731,6714.071447997711,3780.8494543349157,3780.8494543349157
300,41723.292047075294,36285.41416718751,88717.2381046928,64931.3039329203,84322.8171580997,144482.26824901538,76132.40597336173,39611.70910128498,54180.85059338077,36285.41416718751
301,42332.99632898029,109393.66797747013,30022.648628889154,65412.37889238816,84788.1419946667,39368.03512506449,28003.182583569116,16648.548411933774,14763.013171899183,14763.013171899183
302,42726.63643482514,223056.20689879803,36076.3319906457,65330.82276318974,85088.56717348646,49076.296894239116,33177.55289308829,19283.908866995556,18403.61133533967,18403.61133533967
303,41454.83875561982,22320.99101005101,85456.35799006752,64947.931022220444,84117.93425391195,138133.237672808,73545.64655976003,38442.593071822535,51799.964127303,22320.99101005101
304,41506.660111729696,24515.899011375557,45537.21194315336,65227.41835563297,84157.48418783594,64899.99446134074,41134.67780073461,23233.2689642818,24337.49792300278,23233.2689642818
305,41079.72438613998,11320.18597312884,72898.74781111014,65018.49787393038,83831.64787237832,114148.18684899171,63510.01586817669,33852.69319803198,42805.57006837189,11320.18597312884
306,42708.65814783029,215914.8037105161,103373.05133536938,64863.4207326784,85074.8461882385,173577.62361739847,87672.06527844856,44765.45872506777,65091.60885652442,42708.65814783029
307,42083.1244219923,69595.23925817398,11886.583471165723,65823.76341892844,84597.4403582626,12950.107950497246,11906.076278856772,7933.463099899568,4856.290481436467,4856.290481436467
308,42663.28740328088,198892.58556223064,3387.623926500716,66381.10842964868,85040.21934549039,2871.3039289667836,3737.165533917317,2906.252366011711,1076.738973362544,1076.738973362544
309,43194.41472151052,520131.3214992081,28343.250663519986,65437.93691816862,85445.57443300803,36740.45450039865,26554.06859460438,15899.259459346456,13777.670437649494,13777.670437649494
310,42594.786590900694,175700.62231902318,20201.10587355509,65588.29822007597,84987.93969079299,24471.191129068815,19425.400609044045,12125.99225039957,9176.696673400806,9176.696673400806
311,42235.2123052465,91649.20962641768,38846.85414642527,65297.971171049845,84713.51346373263,53632.984081063696,35522.70458891165,20459.822164157667,20112.369030398888,20112.369030398888
312,42136.26592240851,76621.66538643268,19094.690798201096,65613.30741757432,84637.9978231353,22871.786666904885,18441.200993778035,11591.703786768943,8576.920000089332,8576.920000089332
313,42634.256973094,188711.83007438062,48279.61285927339,65201.45343945899,85018.06339123011,69617.98836641766,43416.199097895544,24346.032290258565,26106.74563740662,24346.032290258565
314,42281.85331408991,99722.01509447169,166916.96562598002,64650.67716732333,84749.10976912442,308464.72918382334,136441.73005020252,65677.64250288492,115674.27344393377,42281.85331408991
315,42368.20175359744,116591.13411972387,20604.447600904292,65579.52051486805,84815.01068977421,25058.67515062633,19783.146468837956,12319.297724744993,9397.003181484875,9397.003181484875
316,41975.30517397714,57256.902527322374,33033.753377845445,65369.94234153336,84515.1529683747,44152.41283807401,30586.044562052513,17971.466109123863,16557.15481427775,16557.15481427775
317,41750.115473349215,38090.50485893115,27936.78698711547,65444.35031153879,84343.2887322997,36109.10157812787,26202.36098221574,15716.590427129184,13540.913091797951,13540.913091797951
318,42233.37620379328,91345.1409532948,79558.30769633621,64979.68396184649,84712.11215553455,126773.23686697558,68847.35637668365,36304.92967030103,47539.96382511584,36304.92967030103
319,42049.66224470434,65505.30533043533,72198.44385380964,65022.78379246368,84571.9021053098,112833.57272399554,62946.62783594482,33592.276792320336,42312.58977149833,33592.276792320336
320,42228.95644399005,90617.3344864082,65430.963953821214,65066.4835560788,84708.7390055188,100263.97481101603,57479.89823222867,31048.72890040275,37598.990554131015,31048.72890040275
321,41291.04422334775,16594.425815503357,73499.74454568293,65014.852425881276,83992.92666216283,115278.39756377478,63993.180163792946,34075.78224124832,43229.39908641554,16594.425815503357
322,41568.635535562586,27426.08476189871,31649.916256681754,65388.94303990243,84204.78368174158,41942.277914125145,29401.372397901938,17366.616847046454,15728.35421779693,15728.35421779693
323,42050.47640907558,65601.90514968426,35527.705901027395,65337.62670212423,84572.52347359313,48182.07878344972,32711.54672346308,19048.943891424708,18068.279543793644,18068.279543793644
324,42366.17842750538,116164.94324362303,5349.393970006617,66178.26502771846,84813.4664921836,4967.872439474611,5697.567331439308,4188.52235380983,1862.9521648029793,1862.9521648029793
325,41306.66914402891,17070.421759516932,81518.21334833569,64968.87864954297,84004.8515639195,130530.0542186929,70411.46424728574,37018.67691670333,48948.77033200983,17070.421759516932
326,42012.59423163569,61254.646661204904,52858.71126922061,65161.22120029831,84543.61188719104,77614.84954536501,47203.853510332905,26176.430648030375,29105.56857951188,26176.430648030375
327,43201.71622388746,527050.6795013562,106814.0601726158,64848.881835153814,85451.14692200159,180534.01618559254,90362.53276456369,45953.63912643528,67700.2560695972,43201.71622388746
328,42525.88125329262,155099.36777695897,6958.656017068051,66061.49166159857,84935.35130341789,6811.384204525372,7263.133670176316,5169.36818449105,2554.2690766970145,2554.2690766970145
329,41596.316626806365,28835.17747091679,24186.43970223306,65508.35389593347,84225.9098237768,30373.250227219884,22937.793824310156,14004.729525887768,11389.968835207455,11389.968835207455
330,40668.84055001613,5381.172837800093,55224.665019279404,65141.779703593755,83518.06232022347,81802.13591440202,49150.86489531998,27109.633274251195,30675.800967900755,5381.172837800093
331,41252.03973642102,15463.315677312343,151384.49771128185,64694.04421646765,83963.15853186883,274348.51915528195,124678.3788181642,60741.0498338926,102880.69468323071,15463.315677312343
332,41589.89793165451,28502.121809718818,168110.5722972555,64647.51346557153,84221.01109112697,311113.57923413545,137342.11185646208,66053.09803992334,116667.5922128008,28502.121809718818
333,39303.913699133394,454.9583108677507,154648.86190852814,64684.571832944464,82476.35344157089,281462.8035872533,127158.01899844955,61786.63637718814,105548.55134522,454.9583108677507
334,42266.952843735344,97068.53630614413,97822.94546852476,64887.92293348735,84737.73776610872,162455.2750388512,83317.88202601278,42832.13856579467,60920.7281395692,42266.952843735344
335,42560.81971652816,165224.14911319382,43483.808492333956,65247.90504238187,84962.01625424321,61404.192508718195,39419.46159722973,22391.295944716516,23026.572190769322,22391.295944716516
336,42956.38681387152,338072.90879096737,17785.050206427924,65644.85454969476,85263.91210832426,21002.502734840593,17270.516387601532,10951.188311244276,7875.938525565221,7875.938525565221
337,42160.21003578401,80015.28160257232,52704.28130769024,65162.52027206881,84656.2719126798,77342.82126295703,47076.5386231336,26115.231916808338,29003.557973608888,26115.231916808338
338,41969.24983639491,56632.79963990811,116833.92291924423,64809.07106499201,84510.53154934513,201042.4121360075,98159.76387120511,49371.04706646099,75390.90455100282,41969.24983639491
339,42694.41365270464,210419.2588180808,68127.09391603008,65048.555108018576,85063.97482393446,105241.9222196438,59662.791701273214,32068.08761612208,39465.72083236643,32068.08761612208
340,41797.430693870396,41496.26582033233,28746.714767399688,65431.66117274829,84379.39959441693,37368.94173567507,26902.79720340148,16080.06301624213,14013.353150878153,14013.353150878153
341,43610.727107728715,1104985.9538546465,21393.498564498994,65562.83494379741,85763.30304149432,26214.59243805927,20481.452566127187,12695.289836272326,9830.472164272227,9830.472164272227
342,41348.15914072325,18401.685446781623,128886.36476188569,64765.48018455131,84036.51662926993,226179.53393157278,107471.09480874096,53405.10216287148,84817.32522433979,18401.685446781623
343,42060.76442658865,66834.91232579228,84086.76500177766,64955.10456608388,84580.37526373132,135480.91116250388,72456.9391375092,37948.908246215426,50805.34168593895,37948.908246215426
344,44207.27227900179,3252917.839899558,39782.03561981471,65287.40914592554,86218.58487658357,55186.05349627264,36311.35601125931,20852.914955800472,20694.77006110224,20694.77006110224
345,42337.53325832818,110295.66742766683,55405.49425642311,65140.32823225321,84791.60456819617,82123.6674013709,49299.40714053168,27180.624903893153,30796.375275514085,27180.624903893153
346,42148.49613918161,78336.68514566892,131201.97162568255,64757.57397369699,84647.33189506168,231064.5755466712,109252.19821283933,54171.32516695248,86649.21583000169,42148.49613918161
347,41776.73280996572,39970.481118602474,101196.75946816079,64872.867972625,84363.60301937052,169201.75454481048,85966.9131358273,44009.907431989915,63450.65795430393,39970.481118602474
348,43423.10396875491,786819.2171201848,163576.20395462567,64659.65374440788,85620.10951461537,301071.11148464703,133919.02349130885,64623.91593914168,112901.66680674265,43423.10396875491
349,42472.5782128638,140835.12820119865,28007.719080477807,65443.22441487644,84894.67055159742,36219.14762073471,26263.76577434692,15748.50613438108,13582.180357775516,13582.180357775516
350,42272.42073449398,98033.95749689317,94337.32510696826,64904.032248963704,84741.9108471402,155533.95110688376,80573.66796497571,41606.771406742846,58325.23166508141,41606.771406742846
351,42557.43659582331,164215.5240481691,46452.26276475563,65218.58482402776,84959.43426468567,66468.08768952549,41897.09272298139,23606.01451067837,24925.53288357206,23606.01451067837
352,41921.414236077086,51935.78461677117,45399.40959344949,65228.76400250368,84474.02353462293,64664.38944028805,41019.76013937692,23177.006071690237,24249.14604010802,23177.006071690237
353,41855.006812448555,46053.95354498699,18846.316483517367,65619.12064073121,84423.34154916888,22515.2467663207,18219.667505549343,11470.922733761996,8443.217537370261,8443.217537370261
354,41423.57555132271,21093.02783394203,48017.25283568846,65203.87279418785,84094.07425183905,69164.25555318304,43198.37069122509,24240.134105316934,25936.59583244364,21093.02783394203
355,42031.40941558988,63376.57679491832,28241.145044765763,65439.53930141811,84557.9715901787,36581.68425266502,26465.75466725054,15853.421685428213,13718.131594749382,13718.131594749382
356,41663.36590370731,32555.692528763095,139093.4350064668,64731.64082277654,84277.08167009939,247840.85249433605,115304.22030147222,56762.6256789339,92940.31968537602,32555.692528763095
357,42161.03948702751,80135.4962966241,27556.11748388824,65450.44189792263,84656.90494786715,35519.477495125044,25872.61568177995,15545.031007559568,13319.804060671891,13319.804060671891
358,41753.69945890369,38338.39545998339,41816.67608838466,65265.26253008937,84346.02402142575,58590.114381094245,38022.32132223167,21701.85100816191,21971.29289291034,21701.85100816191
359,41899.5315868899,49918.987398517726,132337.85008784244,64753.74659643838,84457.32274957208,233467.17338191348,110124.99953043021,54546.19120363577,87550.19001821756,41899.5315868899
360,42267.023666964,97080.98001254183,14742.84839354908,65728.1490020113,84737.79181822592,16768.824317320134,14524.421194403043,9425.020210531715,6288.30911899505,6288.30911899505
361,41941.34913448965,53843.91016392326,237142.439756956,64494.76013141582,84489.23780098304,470127.95442860137,188679.43788380135,86981.0402763235,176297.9829107255,41941.34913448965
362,41823.97642498394,43538.69204757,217333.8222431249,64533.48867494575,84399.65923234068,423406.691105232,174083.09743728625,81118.33443613049,158777.509164462,41823.97642498394
363,43557.41172631488,1003339.7601595739,62701.83921838542,65085.4000963963,85722.61287106384,95266.73284015941,55263.229741664654,30008.300115977967,35725.024815059776,30008.300115977967
364,42031.54995274783,63392.699685177,103912.15962540467,64861.11121315823,84558.07884779849,174664.47403761823,88094.03457024254,44952.12919497951,65499.17776410684,42031.54995274783
365,41052.65414849281,10778.911605216326,39632.72932416239,65289.07866099429,83810.98793233388,54937.60377559104,36185.54048150861,20790.280820275417,20601.60141584664,10778.911605216326
366,42176.96990408675,82479.70307403649,98397.34701205924,64885.32345704591,84669.06300372232,163600.64150827302,83769.37717865099,43033.22377163938,61350.240565602384,42176.96990408675
367,42604.22995444503,178729.51933118422,117262.33870146204,64807.44594873986,84995.14684306062,201927.3738868233,98491.96930112963,49515.82413555342,75722.76520755874,42604.22995444503
368,41376.5206989713,19370.966983641545,9762.821896262181,65911.1554227034,84058.16210208066,10225.754810062714,9928.01663963705,6777.623871806833,3834.6580537735176,3834.6580537735176
369,41928.62324138513,52617.88166827943,17700.143088015182,65646.97931380173,84479.52543007674,20882.239286317996,17194.394053323907,10909.342892029614,7830.839732369249,7830.839732369249
370,41123.82346251428,12260.771223100985,77768.53690457292,64989.78640198392,83865.30418104408,123358.66178927083,67416.43517612731,35650.06395392446,46259.49817097656,12260.771223100985
371,42707.545915964525,215480.58512574792,98868.90701566839,64883.20071140503,85073.99733556267,164541.9405963082,84139.88453298637,43198.130987201665,61703.227723615586,42707.545915964525
372,43083.17090468784,425274.58652619127,55906.24703708141,65136.33340238345,85360.67342047066,83015.14721327876,49710.55650294794,27376.97389879333,31130.680204979533,27376.97389879333
373,41048.3443655716,10695.157661600986,99608.53534052517,64879.8915545308,83807.6987164091,166020.1494084689,84720.74118204603,43456.46685080249,62257.55602817584,10695.157661600986
374,42986.097554691914,356750.5061766773,191103.10616555443,64590.59658435569,85286.58727401827,362849.25072114565,154594.4589490094,73186.56555551892,136068.46902042962,42986.097554691914
375,41257.974688133785,15630.31788480637,27372.926596904566,65453.40342972209,83967.68807269336,35236.30939492923,25713.806588902495,15462.30219189046,13213.616023098462,13213.616023098462
376,42603.79967363455,178590.3809705219,51497.3284985928,65172.80631305248,84994.81845378444,75222.29427573922,46080.50879687956,25635.68523355554,28208.360353402204,25635.68523355554
377,42295.13915551851,102149.07212773435,32511.560955019282,65377.01709107519,84759.24949124036,43316.19708832953,30139.46449723304,17743.832441928666,16243.573908123573,16243.573908123573
378,42265.23406706152,96767.03423508798,198120.5784094104,64574.58473580765,84736.42599989913,378896.3660106913,159827.31653132543,75328.76378364363,142086.13725400923,42265.23406706152
379,41707.58852013024,35268.604375877585,203335.3840420006,64563.04920435515,84310.83226423213,390895.33515254175,163706.69059117712,76910.83719390765,146585.75068220316,35268.604375877585
380,42192.71151030601,84863.47890019642,246185.24018959008,64478.14419099704,84681.07695960006,491721.67155400006,195311.17460453187,89624.5070201104,184395.62683275004,42192.71151030601
381,41904.91055278765,50407.356375291594,60827.02236717743,65098.878446230956,84461.42796336433,91858.8076664956,53736.16544153443,29288.31698846851,34447.05287493586,29288.31698846851
382,42579.753156245024,170984.29337004348,56367.92327690254,65132.68188743087,84976.46620974356,83838.47634343167,50089.37061520062,27557.689232344233,31439.428628786874,27557.689232344233
383,42423.016983748435,128751.77431838267,16240.405935680888,65685.19456836263,84856.84554114135,18833.073086844404,15881.164905207183,10183.44389111803,7062.402407566651,7062.402407566651
384,40911.50994311806,8348.876433989824,109798.46315854756,64836.64654277127,83703.26701541137,186603.78516653177,92690.58648201714,46977.962795179425,69976.41943744941,8348.876433989824
385,41706.28527860966,35185.51054304077,24262.058592051057,65506.96789572602,84309.8376334487,30487.240164614286,23003.984333665347,14039.747210909676,11432.715061730358,11432.715061730358
386,42757.99747166705,236083.56851130203,5497.248891612683,66166.15959517364,85112.50184112146,5133.096344980784,5842.778879588168,4280.884305630288,1924.911129367794,1924.911129367794
387,42477.93937495936,142208.36816292783,182344.03750176588,64611.42812601908,84898.7621775708,342984.7538580316,148042.0678899453,70490.47287472559,128619.28269676183,42477.93937495936
388,42983.68130756053,355193.73650034145,55759.97174601757,65137.49662376029,85284.74320003866,82754.57056391207,49590.484738270316,27319.65474168936,31032.963961467027,27319.65474168936
389,42342.41843321361,111275.21990029432,38026.98610532682,65307.44214874057,84795.33292187947,52277.54957359373,34830.097219164534,20113.64104708051,19604.081090097647,19604.081090097647
390,41326.524431652375,17695.04074311809,31370.73183156185,65392.87694726223,84020.0050715175,41498.70224682402,29161.890933803934,17243.95539226196,15562.013342559007,15562.013342559007
391,41749.28300578512,38033.15602042117,90964.67954452797,64920.19634841841,84342.65339506375,148885.46031330715,77910.9649395361,40412.47096960747,55832.04761749018,38033.15602042117
392,41231.315350269186,14894.027402415733,187635.21794185814,64598.72771503977,83947.34173037135,354962.2450556588,152003.0606812894,72122.14842973632,133110.84189587206,14894.027402415733
393,42095.4382508282,71163.75547888727,26512.45489130334,65467.58471248337,84606.83824271354,33911.3333834616,24966.75531868489,15072.216529040697,12716.750018798099,12716.750018798099
394,41075.007862922146,11223.960322720799,35734.957399250336,65335.04414569463,83828.04823324073,48519.56044051494,32887.65194729066,19137.79003311321,18194.835165193104,11223.960322720799
395,43111.820179643386,447908.4852564041,27509.72107283348,65451.19009360704,85382.5384779782,35447.724338297354,25832.40210239554,15524.088865319463,13292.896626861508,13292.896626861508
396,41694.48176672657,34441.78622828579,106071.54569154384,64851.9790644392,84300.82922166462,179029.09336136768,89782.5445304853,45697.90479384124,67135.91001051287,34441.78622828579
397,40958.354968163076,9087.631804172443,87838.2906598608,64935.724705152476,83739.01902547589,142766.26119994983,75435.89431369312,39297.44105130922,53537.34794998119,9087.631804172443
398,42046.120598390145,65086.744905423504,122675.73364730478,64787.40781739386,84569.19912938976,213164.72194203935,102681.74307363683,51336.245320438364,79936.77072826475,42046.120598390145
399,41227.8521910479,14800.96121513161,52437.9467657554,65164.76965924104,83944.69865561122,76874.0477784271,46856.90007118815,26009.60239144836,28827.76791691017,14800.96121513161
400,44042.383326707284,2413579.337205881,169806.9641725639,64643.05554765518,86092.74202611446,314884.6807213393,138620.9182288136,66585.79182775893,118081.75527050224,44042.383326707284
401,41840.31068254168,44845.09787922122,35860.73219609719,65333.48416163517,84412.12549828972,48724.55915907316,32994.48666241365,19191.65786046042,18271.709684652433,18271.709684652433
402,43607.223287576344,1098000.575819824,110448.02469749401,64834.02760285269,85760.6289344097,187929.2926436374,93196.6429089566,47200.16676390243,70473.48474136402,43607.223287576344
403,41656.707706974245,32165.71726711129,3176.7563151632867,66409.64347469465,84272.00015042076,2658.1875380487068,3521.908490508722,2760.605138804013,996.8203267682651,996.8203267682651
404,42121.03131139339,74537.76562683593,88684.82536661187,64931.466177435235,84626.37080477383,144418.9268523776,76106.73033449476,39600.13100535382,54157.0975696416,39600.13100535382
405,44047.8110708008,2437407.1212242376,21483.440752111263,65560.97219937066,86096.884467308,26346.901116958186,20560.92383676872,12737.970574661203,9880.08791885932,9880.08791885932
406,42515.29422162633,152155.6402043038,313494.02156716434,64370.83115435824,84927.27130639958,657173.5128706705,244129.31884433638,108742.81743406408,246440.06732650145,42515.29422162633
407,41725.48181922755,36429.51273147669,5565.579904352411,66160.67467697717,84324.48838692177,5209.756701765175,5909.786322658208,4323.400896951686,1953.6587631619407,1953.6587631619407
408,42407.522434313956,125191.16476383846,192575.1110714196,64587.18970142334,84845.02013840553,366205.7201649473,155693.32562049804,73637.2050396472,137327.14506185526,42407.522434313956
409,42523.33886285228,154387.30030373146,12405.01330893056,65804.80889672205,84933.41095716931,13630.808511195875,12384.619905235853,8209.088886739955,5111.553191698454,5111.553191698454
410,40807.588536128234,6917.358151205478,61362.74322614719,65094.98513185516,83623.95444838746,92830.49263050246,54172.88223244843,29494.496297934013,34811.43473643842,6917.358151205478
411,42325.0277935788,107827.24038110698,21423.775095020766,65562.20702984385,84782.06042767855,26259.11806929565,20508.207218596483,12709.661116895282,9847.169275985869,9847.169275985869
412,42642.874378774985,191678.26383465473,8669.140604139573,65963.90787274051,85024.64017444968,8866.98944448104,8896.769831980413,6163.08287832875,3325.12104168039,3325.12104168039
413,42759.666711182246,236797.91408263703,25946.839878800743,65477.15948083763,85113.77580069113,33045.041484042915,24474.681849899556,14814.42323577809,12391.890556516093,12391.890556516093
414,41300.0016318116,16865.655727616424,57897.965503490996,65120.790685928565,83999.76293468577,86576.67430510234,51343.10510700411,28154.499612272546,32466.252864413378,16865.655727616424
415,42385.7568104108,120355.16656466,62950.70103004863,65083.641360940004,84828.40866676903,95720.64587016059,55465.664893500165,30103.54402874464,35895.24220131022,30103.54402874464
416,41389.196994759535,19820.542892611837,16984.473945312886,65665.3045676284,84067.83662043489,19873.18408815155,16551.639539669126,10555.01489828025,7452.44403305683,7452.44403305683
417,42953.57467943366,336356.5448109569,3702.169941439336,66341.68551451631,85261.76589410774,3194.1297644081324,4056.367091470301,3120.1986946694,1197.7986616530497,1197.7986616530497
418,42069.37470941849,67884.64081367335,49536.815749675734,65190.039634420085,84586.94661080808,71799.04026730782,44458.756846343975,24851.90242070495,26924.64010024043,24851.90242070495
419,42124.91490478109,75063.54687195866,156351.9352649823,64679.70900213613,84629.33475387516,285186.4247517407,128450.08592218267,62330.380695392305,106944.90928190276,42124.91490478109
420,41947.3401451838,54430.94132890307,34231.45784265794,65354.12920477028,84493.81012588688,46080.31185002723,31608.28877088727,18490.876018978746,17280.11694376021,17280.11694376021
421,41297.273306428935,16782.575964671436,64923.3627883715,65069.94145521029,83997.68068333792,99331.30545578184,57068.15819175817,30855.882764854574,37249.23954591819,16782.575964671436
422,42284.59292574397,100217.72198268848,145430.39926324022,64711.85986132387,84751.20063412738,261451.51999759176,120144.9210298986,58822.20869727125,98044.31999909692,42284.59292574397
423,41187.43457815871,13756.866415672024,12751.870660744737,65792.56458026367,83913.85203099292,14089.436181985942,12703.92920601466,8392.208977098035,5283.538568244729,5283.538568244729
424,41423.20434509038,21078.86089517599,81758.14721687583,64967.57373664627,84093.79094813837,130991.21925760256,70602.74402497022,37105.8174248725,49121.70722160096,21078.86089517599
425,41630.37705551529,30668.74066641427,35823.09848753863,65333.95035793009,84251.90466077033,48663.20536314867,32962.523137272874,19175.54376479161,18248.70201118075,18248.70201118075
426,42211.51188602475,87800.89235175896,146495.30101803908,64708.62055436378,84695.42536097817,263750.5468136065,120956.77075600844,59166.53362449593,98906.45505510244,42211.51188602475
427,42909.0392567063,310307.7796920913,5367.954794374894,66176.72714471404,85227.77656695836,4988.564077935219,5715.813099459319,4200.14467831784,1870.711529225707,1870.711529225707
428,41548.78577171337,26458.23322068511,27323.11878347008,65454.21206863278,84189.63438987476,35159.38415939556,25670.61383217758,15439.78991290212,13184.769059773334,13184.769059773334
429,42710.03543841313,216453.7148241052,104065.43700450813,64860.45676604714,85075.89733308755,174973.68974918878,88213.97661887598,45005.167290461555,65615.13365594578,42710.03543841313
430,42074.72210784255,68544.85545479787,51435.731266148454,65173.3377103418,84591.0277323806,75114.33689120584,46029.62826447377,25611.151514588455,28167.87633420219,25611.151514588455
431,42193.24581730447,84945.58764733386,64150.00236545741,65075.26209028377,84681.48474141186,97913.13303256848,56440.37097410405,30561.489142887225,36717.42488721318,30561.489142887225
432,41582.319376068335,28113.831832892865,39070.312549279835,65295.42447159743,84215.22715579273,54003.41174066517,35711.281647075906,20553.92080694602,20251.27940274944,20251.27940274944
433,42413.10891904073,126463.429532927,445.77529315380565,67281.57108782225,84849.28373006728,251.85126028749727,574.7981789388845,573.7331791127955,94.44422260781147,94.44422260781147
434,42641.033678774314,191040.7342342918,9793.573221672912,65909.75909176886,85023.23535665129,10264.418362357192,9956.879296421159,6794.697242824132,3849.156885883947,3849.156885883947
435,42253.474245211386,94729.13753844642,64749.18582450942,65071.13422298252,84727.45093224278,99011.6070382246,56926.81779272059,30789.64063394371,37129.35263933422,30789.64063394371
436,42275.34061324951,98553.42354351388,26492.609762186057,65467.91718025027,84744.13929155996,33880.875649902395,24949.504230656323,15063.190356849469,12705.328368713397,12705.328368713397
437,42163.08943326836,80433.37609639857,32820.28636788053,65372.820818989116,84658.46946189109,43810.254355050056,30403.55323319457,17878.499364899755,16428.845383143773,16428.845383143773
438,42169.734695137435,81406.63973546587,19753.008805256784,65598.25781709178,84663.54110971274,23821.26629742351,19027.313443011786,11910.329498807389,8932.974861533816,8932.974861533816
439,41740.872188254725,37458.55444586724,98586.84210378773,64884.4692174538,84336.23427942216,163978.7917747189,83918.28091982029,43099.51023744213,61492.04691551958,37458.55444586724
440,41755.07849811125,38434.20756375761,121015.21479021253,64793.458774873805,84347.07650082096,209706.9898876966,101398.10255061586,50779.58547396989,78640.12120788623,38434.20756375761
441,41351.54052383789,18514.651863073184,35252.770356190675,65341.07601476835,84039.09729270282,47734.99018523488,32477.807119654462,18930.92226002051,17900.62131946308,17900.62131946308
442,43547.045618647346,984690.4114827799,68830.72920513134,65043.99287404015,85714.70148270823,106547.62658996247,60231.379185220125,32332.781470839127,39955.35997123593,32332.781470839127
443,41626.36147480401,30446.647730215267,53125.88357036986,65158.982672082646,84248.8399792622,78085.84865750225,47424.04773548981,26282.223457194716,29282.193246563347,26282.223457194716
444,41336.05253617876,18002.845961546816,202299.63819716446,64565.3166227452,84027.27689789812,388507.19178463484,162936.798613101,76597.26367426426,145690.19691923805,18002.845961546816
445,43515.312233528355,929727.2815895546,268018.21953764395,64440.41720015915,85690.48263976673,544505.3066819382,211247.10167665887,95928.7145149658,204189.49000572687,43515.312233528355
446,42407.08500081669,125092.08578476653,274936.8088173869,64429.1012724836,84844.68629021606,561415.5019739184,216275.78667281393,97904.68637353848,210530.8132402194,42407.08500081669
447,41648.804596697955,31708.88521286717,11901.759480193221,65823.19691045527,84265.96851573026,12969.951099427386,11920.107186607565,7941.565205544645,4863.7316622852695,4863.7316622852695
448,42191.85682991196,84732.30228464112,53417.80193999802,65156.5496404144,84680.42466958589,78601.01450395826,47664.539472161436,26397.69345797613,29475.380438984346,26397.69345797613
449,41602.72323346854,29171.486717289015,39062.3673918775,65295.514770558155,84230.79933052049,53990.23374890226,35704.57813574642,20550.5769390005,20246.337655838346,20246.337655838346
450,42326.745757608325,108163.04421884284,30504.327078352304,65405.31196911958,84783.37157367996,40127.18313844231,28417.646720035187,16861.893023383866,15047.693676915867,15047.693676915867
451,42048.73281227552,65395.20293347761,9340.589906426108,65930.78558531683,84571.19276472309,9697.373015730067,9530.999343238562,6542.091507899969,3636.514880898775,3636.514880898775
452,42575.1231842733,169557.4251483009,35328.70585159513,65340.12065438828,84972.93262630813,47858.40382103247,32542.378521780487,18963.537446045477,17946.901432887174,17946.901432887174
453,42086.43529648084,70013.54312490775,46785.2681441165,65215.41324675226,84599.96720968222,67040.28977518836,42174.26303002353,23741.298522770205,25140.108665695636,23741.298522770205
454,41028.78987250518,10323.246938697399,31443.527423276915,65391.84784152813,83792.77477449113,41614.28602746146,29224.349969548235,17275.959565455836,15605.357260298048,10323.246938697399
455,41998.877989519795,59752.67339471078,34669.66156770256,65348.48154392284,84533.14368430922,46789.07484459101,31981.60480661618,18679.9991585384,17545.90306672163,17545.90306672163
456,41371.601475339856,19199.261710290575,37294.95488560711,65316.072624561195,84054.40776247658,51072.255580392884,34210.72182009155,19803.285079704558,19152.09584264733,19152.09584264733
457,42212.605048074605,87974.78487388021,59031.04170953642,65112.18543740651,84696.25965961651,88613.82270371047,52269.91593421108,28594.43556506722,33230.183513891425,28594.43556506722
458,42456.610621777014,136823.1594821816,133394.31616920323,64750.21617392207,84882.48412461413,235705.50476052053,110936.26372757627,54894.272080157316,88389.5642851952,42456.610621777014
459,41455.08237574241,22330.835429286082,26667.52859263907,65464.99528262505,84118.1201842016,34149.492865013555,25101.52453458168,15142.702358957838,12806.059824380083,12806.059824380083
460,42116.821641496674,73971.99725246445,74636.41412739543,65008.03854324962,84623.15799486775,117421.02150906538,64906.16385790617,34496.718369151065,44032.883065899514,34496.718369151065
461,42217.29700533374,88725.06829127694,57478.40399436094,65124.01987630796,84699.84055007371,85824.36048185112,50999.567961464054,27991.16220730619,32184.13518069417,27991.16220730619
462,42199.15082708271,85858.33810060914,28977.161422314923,65428.11605883288,84685.99143062421,37728.708883674284,27101.81136418238,16183.104652065891,14148.265831377856,14148.265831377856
463,42699.96442534609,212543.92189892853,33113.4627195608,65368.872274886875,85068.21116021888,44280.289621051736,30654.164185522215,18006.149383387543,16605.108607894403,16605.108607894403
464,41109.52496252447,11947.537571423201,46644.70631304147,65216.74920987215,83854.39160035804,66798.6631389199,42057.28779811512,23684.218602745157,25049.498677094965,11947.537571423201
465,43044.22223973967,396327.0384403674,68652.13870810231,65045.14638831411,85330.94789337598,106215.97030993651,60087.10784873532,32265.650671984917,39830.988866226195,32265.650671984917
466,42299.6535945816,102987.1443417966,9442.361358401151,65925.974097895,84762.69490023874,9824.301349571244,9626.817248589177,6599.053723199785,3684.1130060892165,3684.1130060892165
467,42289.63176359489,101135.89500925616,47393.436432920855,65209.678819315406,84755.0462630151,68087.40388836466,42680.06889895308,23987.872425941678,25532.776458136745,23987.872425941678
468,42555.125792984625,163530.1353639065,28160.73442914721,65440.80529956769,84957.67066553578,36456.72964910299,26396.188052871174,15817.300011843436,13671.273618413621,13671.273618413621
469,42230.787913246546,90918.21817800785,15029.654020831846,65719.59442127545,84710.13677843552,17161.04441497234,14785.048655327213,9571.419634906955,6435.391655614628,6435.391655614628
470,41505.9158413552,24482.895983334147,105450.26772902689,64854.587289133844,84156.91616248224,177771.50918708518,89297.01585354154,45483.65114681102,66664.31594515694,24482.895983334147
471,41045.20784047892,10634.613604475973,52975.18793616088,65160.2439016938,83805.30492802765,77820.1283273233,47299.86007544199,26222.565289809834,29182.548122746233,10634.613604475973
472,41794.65814594635,41288.551438817056,24934.73336357977,65494.82538800449,84377.2835925322,31504.356229071913,23592.095786288584,14350.299108777559,11814.133585901967,11814.133585901967
473,42776.6094747336,244171.95961334396,69711.0688132605,65038.35015750961,85126.70647694601,108184.99391917579,60942.127530316335,32663.187479123742,40569.372719690924,32663.187479123742
474,42339.06045234536,110600.96317234654,2781.136002544731,66468.6959947471,84792.77011898454,2266.0610598345856,3115.0110996548956,2481.960995856608,849.7728974379696,849.7728974379696
475,41194.64608027037,13937.604788661696,31419.61296675582,65392.185655361216,83919.35583200122,41576.3090925125,29203.832456601784,17265.447344997774,15591.115909692187,13937.604788661696
476,41116.31940580871,12095.371165164252,47351.450903291036,65210.072330287876,83859.57710307573,68015.02848907904,42645.166181323635,23970.87036222802,25505.635683404635,12095.371165164252
477,41421.60204746353,21017.818937782544,85461.9034811205,64947.902210810746,84092.56807845633,138143.9943437795,73550.052000961,38444.588772810326,51803.99787891731,21017.818937782544
478,42315.31518679686,105948.26844685066,90128.2059082769,64924.29807704114,84774.64778962174,147244.06771607377,77249.40374543368,40114.903462202616,55216.52539352766,40114.903462202616
479,41613.74544512323,29759.29303899398,37640.24105047487,65311.98087193963,84239.21145585574,51640.18750625577,34502.985642493935,19949.824859020955,19365.070314845914,19365.070314845914
480,40362.929927725716,3093.2489101193787,40587.78130964278,65278.50622474071,83284.59207153728,56530.04215831464,36989.70836944114,21190.120182781775,21198.76580936799,3093.2489101193787
481,41876.433170864104,47875.043280949714,33869.367653305235,65358.85072049079,84439.69409420398,45496.02368705614,31299.538344948847,18334.23700866361,17061.008882646052,17061.008882646052
482,42182.93421356312,83374.90543321961,235841.75302008665,64497.20210041074,84673.61495032118,467035.36596308154,187723.9665024613,86599.16927989817,175138.2622361556,42182.93421356312
483,41448.80129716629,22078.405629804383,95978.44895406773,64896.37469085239,84113.32648019026,158786.4385939217,81866.67219894327,42184.81534004922,59544.91447272063,22078.405629804383
484,41528.8541423726,25520.754868590513,9712.944071292257,65913.42961338123,84174.42261846234,10163.095368131488,9881.187301781574,6749.908426041068,3811.160763049308,3811.160763049308
485,41741.00352814711,37467.460124278376,9823.743584603733,65908.39339514123,84336.33451771106,10302.375076616094,9985.189897616683,6811.437642059382,3863.390653731035,3863.390653731035
486,42263.35048305093,96437.69759149871,41551.73536810575,65268.08456001077,84734.98845312785,58144.94110746269,37799.89725180639,21591.782839790707,21804.35291529851,21591.782839790707
487,42263.935013007394,96539.78004043813,29612.36934410769,65418.48828525125,84735.43456498001,38723.33241662758,27649.75112299194,16466.28760119996,14521.249656235343,14521.249656235343
488,42255.191918431854,95024.10024660878,155239.3569482417,64682.87973818899,84728.76185629943,282752.94527059747,127606.13192890398,61975.30012625939,106032.35447647404,42255.191918431854
489,41694.18296167906,34423.16433297097,27566.108307805986,65450.280949201704,84300.60117437346,35534.9317060672,25881.274436811276,15549.539684447625,13325.5993897752,13325.5993897752
490,41139.918644729354,12623.199936215598,49008.26306102366,65194.802523587496,83877.58798526856,70880.71798202854,44020.69615516612,24639.541326446026,26580.2692432607,12623.199936215598
491,41506.520972482336,24509.72580911064,40558.91840434012,65278.82207567587,84157.37799709814,56481.80581277689,36965.426874859775,21178.06429960293,21180.677179791335,21178.06429960293
492,42163.71469883323,80524.45426651728,34279.91499902961,65353.50113441862,84658.94666306126,46158.59902743347,31649.5885542675,18511.813216780927,17309.47463528755,17309.47463528755
493,41497.942773750474,24132.123036091012,15331.30547879353,65710.7714027119,84150.83113652751,17575.18478403077,15058.754525068367,9724.795562317917,6590.69429401154,6590.69429401154
494,40663.3642650684,5328.099042092459,117753.72232822394,64805.58927011751,83513.88283276714,202943.20221936132,98872.88682105509,49681.75012090671,76103.7008322605,5328.099042092459
495,42531.56524810884,156703.2308749617,81087.97929289142,64971.22818326339,84939.68931454461,129703.80264124574,70068.36503765172,36862.29351842383,48638.925990467156,36862.29351842383
496,41379.37439583567,19471.27806643038,67116.94051582078,65055.18780649237,84060.3400366408,103372.14230740436,58845.72434307389,31687.128972048362,38764.55336527663,19471.27806643038
497,42085.2734817,69866.47108132043,86470.13750460469,64942.69479239912,84599.08051544525,140101.9934832021,74350.64795267471,38807.001749004376,52538.24755620079,38807.001749004376
498,42355.06558412602,113851.77259684155,9971.323527646024,65901.77288626287,84804.9851969348,10488.377358672475,10123.576765058182,6893.176782222768,3933.141509502178,3933.141509502178
499,41445.159582840446,21933.357946871096,9321.100376546929,65931.71297766782,84110.54713260524,9673.09731759858,9512.640797780585,6531.1689503051175,3627.4114940994673,3627.4114940994673
